"ID","NOM","GP","GS","MIN","PTS","T1A","T1I","T2A","T2I","T3A","T3I","OREB","DREB","TREB","ASIS","REC","PER","FC","FR","PLUSMINUS","VAL","FGM","FGA","T1%","T2%","T3%","eFG%","TS%","poss_used","PPP","PTS_pg","MIN_pg","T1A_pg","T1I_pg","T2A_pg","T2I_pg","T3A_pg","T3I_pg","OREB_pg","DREB_pg","TREB_pg","ASIS_pg","REC_pg","PER_pg","FC_pg","FR_pg","TEAM","TEAM_id"
"1083354","M. ESPAÑA ALMENDRO",15,14,320.17,190,30,39,32,51,32,88,6,22,28,24,10,12,22,36,220,170,64,139,0.77,0.63,0.36,0.58,0.61,168.16,1.13,12.67,21.34,2,2.6,2.13,3.4,2.13,5.87,0.4,1.47,1.87,1.6,0.67,0.8,1.47,2.4,"AZULMARINO MALLORCA PALMA",981213
"1434977","C. GRANDE PARDO",15,14,316.05,62,22,25,11,32,6,14,9,35,44,70,22,28,37,26,157,131,17,46,0.88,0.34,0.43,0.43,0.54,85,0.73,4.13,21.07,1.47,1.67,0.73,2.13,0.4,0.93,0.6,2.33,2.93,4.67,1.47,1.87,2.47,1.73,"AZULMARINO MALLORCA PALMA",981213
"1527601","I. JUNIO MBULITO",15,13,319.02,79,17,32,25,54,4,24,19,49,68,29,12,15,22,35,251,132,29,78,0.53,0.46,0.17,0.4,0.43,107.08,0.74,5.27,21.27,1.13,2.13,1.67,3.6,0.27,1.6,1.27,3.27,4.53,1.93,0.8,1,1.47,2.33,"AZULMARINO MALLORCA PALMA",981213
"1828742","I. GIMENEZ MONSERRAT",15,0,99.95,37,4,6,6,15,7,20,3,5,8,2,5,10,15,5,68,8,13,35,0.67,0.4,0.35,0.47,0.49,47.64,0.78,2.47,6.66,0.27,0.4,0.4,1,0.47,1.33,0.2,0.33,0.53,0.13,0.33,0.67,1,0.33,"AZULMARINO MALLORCA PALMA",981213
"1865395","M. GARCIA MATEO",15,12,296.85,189,44,67,71,112,1,2,38,57,95,16,6,20,25,57,191,258,72,114,0.66,0.63,0.5,0.64,0.66,163.48,1.16,12.6,19.79,2.93,4.47,4.73,7.47,0.07,0.13,2.53,3.8,6.33,1.07,0.4,1.33,1.67,3.8,"AZULMARINO MALLORCA PALMA",981213
"2036490","C. ESTARELLAS COLOMAR",5,0,3.82,2,2,2,0,0,0,0,0,1,1,1,0,1,1,1,3,3,0,0,1,NA,NA,NA,1.14,1.88,1.06,0.4,0.76,0.4,0.4,0,0,0,0,0,0.2,0.2,0.2,0,0.2,0.2,0.2,"AZULMARINO MALLORCA PALMA",981213
"2073955","G. CAPEL CILLA",15,3,298.67,132,24,36,54,97,0,0,23,48,71,20,18,26,28,29,142,163,54,97,0.67,0.56,NA,0.56,0.58,138.84,0.95,8.8,19.91,1.6,2.4,3.6,6.47,0,0,1.53,3.2,4.73,1.33,1.2,1.73,1.87,1.93,"AZULMARINO MALLORCA PALMA",981213
"2074390","M. AVIÑOA CANALS",15,1,237.6,64,17,33,22,41,1,4,3,20,23,34,4,28,38,31,167,53,23,45,0.52,0.54,0.25,0.52,0.54,87.52,0.73,4.27,15.84,1.13,2.2,1.47,2.73,0.07,0.27,0.2,1.33,1.53,2.27,0.27,1.87,2.53,2.07,"AZULMARINO MALLORCA PALMA",981213
"2234683","K. RAKOVIC ",15,0,205.15,80,24,29,19,33,6,27,15,29,44,18,10,12,21,20,126,99,25,60,0.83,0.58,0.22,0.47,0.55,84.76,0.94,5.33,13.68,1.6,1.93,1.27,2.2,0.4,1.8,1,1.93,2.93,1.2,0.67,0.8,1.4,1.33,"AZULMARINO MALLORCA PALMA",981213
"2791252","A. BULGAK",15,15,350.5,125,16,23,26,49,19,69,19,96,115,22,10,28,22,20,184,169,45,118,0.7,0.53,0.28,0.46,0.49,156.12,0.8,8.33,23.37,1.07,1.53,1.73,3.27,1.27,4.6,1.27,6.4,7.67,1.47,0.67,1.87,1.47,1.33,"AZULMARINO MALLORCA PALMA",981213
"2793759","J. ASINDE",15,2,287.5,138,41,60,44,84,3,13,27,57,84,25,21,23,47,49,162,182,47,97,0.68,0.52,0.23,0.5,0.56,146.4,0.94,9.2,19.17,2.73,4,2.93,5.6,0.2,0.87,1.8,3.8,5.6,1.67,1.4,1.53,3.13,3.27,"AZULMARINO MALLORCA PALMA",981213
"2815892","A. SICILIANO",15,1,264.73,109,5,6,16,33,24,73,2,20,22,21,11,19,19,12,79,70,40,106,0.83,0.48,0.33,0.49,0.5,127.64,0.85,7.27,17.65,0.33,0.4,1.07,2.2,1.6,4.87,0.13,1.33,1.47,1.4,0.73,1.27,1.27,0.8,"AZULMARINO MALLORCA PALMA",981213
"1855646","S. VIDAL ACUÑA",12,0,128.28,27,6,9,6,21,3,7,6,6,12,5,6,4,17,6,25,15,9,28,0.67,0.29,0.43,0.38,0.42,35.96,0.75,2.25,10.69,0.5,0.75,0.5,1.75,0.25,0.58,0.5,0.5,1,0.42,0.5,0.33,1.42,0.5,"CELTA  FEMXA ZORKA",981492
"1875311","C. MENENDEZ TORRES",15,14,388.8,134,20,42,24,62,22,64,8,44,52,49,25,27,26,51,67,156,46,126,0.48,0.39,0.34,0.45,0.46,171.48,0.78,8.93,25.92,1.33,2.8,1.6,4.13,1.47,4.27,0.53,2.93,3.47,3.27,1.67,1.8,1.73,3.4,"CELTA  FEMXA ZORKA",981492
"1898932","M. GEA BECERRA",1,0,18.47,5,1,2,2,5,0,0,0,2,2,0,1,1,4,2,15,1,2,5,0.5,0.4,NA,0.4,0.43,6.88,0.73,5,18.47,1,2,2,5,0,0,0,2,2,0,1,1,4,2,"CELTA  FEMXA ZORKA",981492
"2049773","D. BERMEJO ESCRIBANO",15,1,309.22,111,31,43,22,39,12,45,8,20,28,32,29,20,37,40,102,121,34,84,0.72,0.56,0.27,0.48,0.54,122.92,0.9,7.4,20.61,2.07,2.87,1.47,2.6,0.8,3,0.53,1.33,1.87,2.13,1.93,1.33,2.47,2.67,"CELTA  FEMXA ZORKA",981492
"2121212","P. SALINAS MASCUÑANA",15,2,196.9,51,6,8,15,26,5,24,5,16,21,17,13,11,17,12,77,56,20,50,0.75,0.58,0.21,0.45,0.48,64.52,0.79,3.4,13.13,0.4,0.53,1,1.73,0.33,1.6,0.33,1.07,1.4,1.13,0.87,0.73,1.13,0.8,"CELTA  FEMXA ZORKA",981492
"2179703","N. MARTÍNEZ QUINTANA",15,0,37.92,5,3,3,1,4,0,1,2,3,5,0,1,0,5,4,-1,6,1,5,1,0.25,0,0.2,0.4,6.32,0.79,0.33,2.53,0.2,0.2,0.07,0.27,0,0.07,0.13,0.2,0.33,0,0.07,0,0.33,0.27,"CELTA  FEMXA ZORKA",981492
"2179984","U. RODRÍGUEZ SILVA",15,13,258.5,66,11,21,20,46,5,29,8,25,33,20,11,14,27,16,82,47,25,75,0.52,0.43,0.17,0.37,0.39,98.24,0.67,4.4,17.23,0.73,1.4,1.33,3.07,0.33,1.93,0.53,1.67,2.2,1.33,0.73,0.93,1.8,1.07,"CELTA  FEMXA ZORKA",981492
"2276545","M. VIZMANOS IGLESIS",15,1,223.68,75,23,41,26,46,0,4,17,39,56,9,9,13,19,29,15,107,26,50,0.56,0.57,0,0.52,0.55,81.04,0.93,5,14.91,1.53,2.73,1.73,3.07,0,0.27,1.13,2.6,3.73,0.6,0.6,0.87,1.27,1.93,"CELTA  FEMXA ZORKA",981492
"2286825","M. CABELLO CAÑAS",7,0,5.27,1,1,2,0,1,0,0,1,0,1,0,0,1,2,1,-5,-2,0,1,0.5,0,NA,0,0.27,2.88,0.35,0.14,0.75,0.14,0.29,0,0.14,0,0,0.14,0,0.14,0,0,0.14,0.29,0.14,"CELTA  FEMXA ZORKA",981492
"2291495","A. RODRIGUEZ VIDAL",1,0,1.67,0,0,0,0,0,0,0,0,1,1,0,0,0,0,0,-1,1,0,0,NA,NA,NA,NA,NA,0,NA,0,1.67,0,0,0,0,0,0,0,1,1,0,0,0,0,0,"CELTA  FEMXA ZORKA",981492
"2644595","I. VENNEMA",1,0,22.42,9,2,3,2,4,1,3,0,3,3,0,0,1,1,3,13,9,3,7,0.67,0.5,0.33,0.5,0.54,9.32,0.97,9,22.42,2,3,2,4,1,3,0,3,3,0,0,1,1,3,"CELTA  FEMXA ZORKA",981492
"2651124","A. BOQUETE MANNA",15,15,408.97,97,17,18,16,39,16,61,10,54,64,34,16,22,27,11,114,107,32,100,0.94,0.41,0.26,0.4,0.45,129.92,0.75,6.47,27.26,1.13,1.2,1.07,2.6,1.07,4.07,0.67,3.6,4.27,2.27,1.07,1.47,1.8,0.73,"CELTA  FEMXA ZORKA",981492
"2743289","D. CABRERA BACCON",15,14,404.63,146,30,51,58,143,0,6,32,87,119,33,25,34,31,45,84,193,58,149,0.59,0.41,0,0.39,0.43,205.44,0.71,9.73,26.98,2,3.4,3.87,9.53,0,0.4,2.13,5.8,7.93,2.2,1.67,2.27,2.07,3,"CELTA  FEMXA ZORKA",981492
"2814638","J. KELLIHER",15,15,392.27,273,40,64,115,192,1,1,46,55,101,24,17,26,37,60,149,314,116,193,0.62,0.6,1,0.6,0.62,247.16,1.1,18.2,26.15,2.67,4.27,7.67,12.8,0.07,0.07,3.07,3.67,6.73,1.6,1.13,1.73,2.47,4,"CELTA  FEMXA ZORKA",981492
"2815029","J. THOMAS",13,0,228.02,84,19,24,16,48,11,32,13,13,26,14,9,18,26,17,29,49,27,80,0.79,0.33,0.34,0.41,0.46,108.56,0.77,6.46,17.54,1.46,1.85,1.23,3.69,0.85,2.46,1,1,2,1.08,0.69,1.38,2,1.31,"CELTA  FEMXA ZORKA",981492
"1317227","C. GARCIA PAUNERO",15,15,372.75,128,10,13,26,67,22,82,42,62,104,34,15,20,16,17,85,160,48,149,0.77,0.39,0.27,0.4,0.41,174.72,0.73,8.53,24.85,0.67,0.87,1.73,4.47,1.47,5.47,2.8,4.13,6.93,2.27,1,1.33,1.07,1.13,"UNICAJA MIJAS",981334
"1723860","S. GALERON ALVAREZ",15,4,284.75,89,20,24,12,27,15,40,18,42,60,25,3,16,14,23,6,131,27,67,0.83,0.44,0.38,0.51,0.57,93.56,0.95,5.93,18.98,1.33,1.6,0.8,1.8,1,2.67,1.2,2.8,4,1.67,0.2,1.07,0.93,1.53,"UNICAJA MIJAS",981334
"1884837","M. ROTERS DUBININA",15,11,336.33,107,17,20,24,46,14,36,20,39,59,28,17,20,28,21,96,138,38,82,0.85,0.52,0.39,0.55,0.59,110.8,0.97,7.13,22.42,1.13,1.33,1.6,3.07,0.93,2.4,1.33,2.6,3.93,1.87,1.13,1.33,1.87,1.4,"UNICAJA MIJAS",981334
"1949233","A. OROIS AZNAREZ",15,6,265.95,60,8,10,14,36,8,26,7,14,21,27,6,26,38,25,20,33,22,62,0.8,0.39,0.31,0.42,0.45,92.4,0.65,4,17.73,0.53,0.67,0.93,2.4,0.53,1.73,0.47,0.93,1.4,1.8,0.4,1.73,2.53,1.67,"UNICAJA MIJAS",981334
"1954737","E. PUIGGROS ROVIRA",14,9,258.23,98,10,12,5,14,26,91,5,29,34,23,11,18,24,20,103,68,31,105,0.83,0.36,0.29,0.42,0.44,128.28,0.76,7,18.44,0.71,0.86,0.36,1,1.86,6.5,0.36,2.07,2.43,1.64,0.79,1.29,1.71,1.43,"UNICAJA MIJAS",981334
"1994192","E. MORENO FERNANDEZ",15,1,300.95,124,19,22,27,51,17,54,20,22,42,26,8,25,26,20,99,105,44,105,0.86,0.53,0.31,0.5,0.54,139.68,0.89,8.27,20.06,1.27,1.47,1.8,3.4,1.13,3.6,1.33,1.47,2.8,1.73,0.53,1.67,1.73,1.33,"UNICAJA MIJAS",981334
"2012623","S. LO SYLLA",15,3,219.32,40,4,12,18,45,0,3,14,33,47,16,5,13,30,14,33,42,18,48,0.33,0.4,0,0.38,0.38,66.28,0.6,2.67,14.62,0.27,0.8,1.2,3,0,0.2,0.93,2.2,3.13,1.07,0.33,0.87,2,0.93,"UNICAJA MIJAS",981334
"2096249","T. EKE BENITEZ",15,12,351.6,161,25,37,68,120,0,3,43,77,120,18,13,31,36,36,123,224,68,123,0.68,0.57,0,0.55,0.58,170.28,0.95,10.73,23.44,1.67,2.47,4.53,8,0,0.2,2.87,5.13,8,1.2,0.87,2.07,2.4,2.4,"UNICAJA MIJAS",981334
"2109425","M. PEÑA LUQUE ",3,0,2.72,0,0,0,0,0,0,0,0,0,0,0,0,0,1,0,-6,-1,0,0,NA,NA,NA,NA,NA,0,NA,0,0.91,0,0,0,0,0,0,0,0,0,0,0,0,0.33,0,"UNICAJA MIJAS",981334
"2207028","N. MERINO RUIZ",7,0,40.3,9,1,2,1,4,2,5,2,5,7,4,2,1,3,2,24,14,3,9,0.5,0.25,0.4,0.44,0.46,10.88,0.83,1.29,5.76,0.14,0.29,0.14,0.57,0.29,0.71,0.29,0.71,1,0.57,0.29,0.14,0.43,0.29,"UNICAJA MIJAS",981334
"2271751","E. JIMÉNEZ LOSADA",2,0,3.33,0,0,0,0,0,0,0,0,0,0,0,0,1,0,1,0,0,0,0,NA,NA,NA,NA,NA,1,0,0,1.67,0,0,0,0,0,0,0,0,0,0,0,0.5,0,0.5,"UNICAJA MIJAS",981334
"2272398","M. SEGURA DIAZ LARRAURI",1,0,3.77,1,1,2,0,0,0,0,0,0,0,0,0,0,0,1,-6,1,0,0,0.5,NA,NA,NA,0.57,0.88,1.14,1,3.77,1,2,0,0,0,0,0,0,0,0,0,0,0,1,"UNICAJA MIJAS",981334
"2413042","C. GUILLEN URIGUEN",8,0,9.88,4,0,0,2,2,0,0,1,2,3,1,0,1,4,0,1,3,2,2,NA,1,NA,1,1,3,1.33,0.5,1.24,0,0,0.25,0.25,0,0,0.12,0.25,0.38,0.12,0,0.12,0.5,0,"UNICAJA MIJAS",981334
"2643500","C. CAPELLAN SANTANA",13,3,248.15,149,43,59,26,54,18,59,7,38,45,16,21,27,30,51,36,146,44,113,0.73,0.48,0.31,0.47,0.54,165.96,0.9,11.46,19.09,3.31,4.54,2,4.15,1.38,4.54,0.54,2.92,3.46,1.23,1.62,2.08,2.31,3.92,"UNICAJA MIJAS",981334
"2814756","C. ZIMMERMAN",15,11,326.97,153,28,43,55,126,5,18,41,41,82,17,13,20,39,52,146,164,60,144,0.65,0.44,0.28,0.43,0.47,182.92,0.84,10.2,21.8,1.87,2.87,3.67,8.4,0.33,1.2,2.73,2.73,5.47,1.13,0.87,1.33,2.6,3.47,"UNICAJA MIJAS",981334
"1044456","M. ASURMENDI VILLAVERDE",15,0,213.98,62,5,8,9,15,13,51,3,19,22,23,12,9,11,12,5,64,22,66,0.62,0.6,0.25,0.43,0.45,78.52,0.79,4.13,14.27,0.33,0.53,0.6,1,0.87,3.4,0.2,1.27,1.47,1.53,0.8,0.6,0.73,0.8,"OSES CONSTRUCCION",979971
"1588922","L. GUTIERREZ LANCHO",15,14,347.9,118,12,19,32,68,14,31,10,36,46,29,8,17,16,25,32,133,46,99,0.63,0.47,0.45,0.54,0.55,124.36,0.95,7.87,23.19,0.8,1.27,2.13,4.53,0.93,2.07,0.67,2.4,3.07,1.93,0.53,1.13,1.07,1.67,"OSES CONSTRUCCION",979971
"1593987","M. RECARTE MENDIVE",15,3,118.65,34,1,2,6,15,7,19,3,23,26,3,1,4,12,3,15,32,13,34,0.5,0.4,0.37,0.49,0.49,38.88,0.87,2.27,7.91,0.07,0.13,0.4,1,0.47,1.27,0.2,1.53,1.73,0.2,0.07,0.27,0.8,0.2,"OSES CONSTRUCCION",979971
"1820835","A. WONE ARANAZ",14,11,327.03,96,16,24,40,94,0,8,17,36,53,14,6,23,46,30,84,61,40,102,0.67,0.43,0,0.39,0.43,135.56,0.71,6.86,23.36,1.14,1.71,2.86,6.71,0,0.57,1.21,2.57,3.79,1,0.43,1.64,3.29,2.14,"OSES CONSTRUCCION",979971
"1824910","S. CASTRO MARRERO",15,12,346.25,196,44,63,46,82,20,51,10,58,68,20,15,21,25,63,20,233,66,133,0.7,0.56,0.39,0.57,0.61,181.72,1.08,13.07,23.08,2.93,4.2,3.07,5.47,1.33,3.4,0.67,3.87,4.53,1.33,1,1.4,1.67,4.2,"OSES CONSTRUCCION",979971
"1882395","A. ELSO ARAMENDIA",15,0,78.9,13,0,0,2,12,3,8,2,4,6,5,4,6,6,0,18,2,5,20,NA,0.17,0.38,0.32,0.32,26,0.5,0.87,5.26,0,0,0.13,0.8,0.2,0.53,0.13,0.27,0.4,0.33,0.27,0.4,0.4,0,"OSES CONSTRUCCION",979971
"2165145","A. VALERO ELIA",4,0,6.6,0,0,0,0,0,0,0,0,0,0,1,1,2,0,0,2,0,0,0,NA,NA,NA,NA,NA,2,0,0,1.65,0,0,0,0,0,0,0,0,0,0.25,0.25,0.5,0,0,"OSES CONSTRUCCION",979971
"2172007","J. IDOATE AGUIRRE",1,0,1.67,0,0,0,0,0,0,0,0,1,1,0,0,1,1,0,-3,-1,0,0,NA,NA,NA,NA,NA,1,0,0,1.67,0,0,0,0,0,0,0,1,1,0,0,1,1,0,"OSES CONSTRUCCION",979971
"2364706","F. PARRA",15,12,381.53,157,36,43,26,59,23,60,13,21,34,33,18,18,29,35,46,155,49,119,0.84,0.44,0.38,0.51,0.57,155.92,1.01,10.47,25.44,2.4,2.87,1.73,3.93,1.53,4,0.87,1.4,2.27,2.2,1.2,1.2,1.93,2.33,"OSES CONSTRUCCION",979971
"2432513","V. LLORENTE",15,9,368.35,82,7,28,24,54,9,29,27,50,77,24,8,19,39,48,10,111,33,83,0.25,0.44,0.31,0.45,0.43,114.32,0.72,5.47,24.56,0.47,1.87,1.6,3.6,0.6,1.93,1.8,3.33,5.13,1.6,0.53,1.27,2.6,3.2,"OSES CONSTRUCCION",979971
"2432778","J. MUNGO LANZETTI",15,11,407.13,151,26,32,34,83,19,63,20,75,95,35,24,29,32,28,62,181,53,146,0.81,0.41,0.3,0.43,0.47,189.08,0.8,10.07,27.14,1.73,2.13,2.27,5.53,1.27,4.2,1.33,5,6.33,2.33,1.6,1.93,2.13,1.87,"OSES CONSTRUCCION",979971
"2561097","A. DIEZ PASTOR",15,1,146.13,61,3,7,2,3,18,52,3,21,24,1,5,8,19,7,33,32,20,55,0.43,0.67,0.35,0.53,0.53,66.08,0.92,4.07,9.74,0.2,0.47,0.13,0.2,1.2,3.47,0.2,1.4,1.6,0.07,0.33,0.53,1.27,0.47,"OSES CONSTRUCCION",979971
"2561102","M. BLANCO MORCILLO",15,2,255.87,65,16,27,20,39,3,23,9,25,34,31,32,16,36,38,41,99,23,62,0.59,0.51,0.13,0.4,0.44,89.88,0.72,4.33,17.06,1.07,1.8,1.33,2.6,0.2,1.53,0.6,1.67,2.27,2.07,2.13,1.07,2.4,2.53,"OSES CONSTRUCCION",979971
"1454479","A. SENOSIAIN VERGARACHEA",15,14,367.8,93,16,19,16,30,15,55,4,35,39,49,10,44,42,20,34,69,31,85,0.84,0.53,0.27,0.45,0.5,137.36,0.68,6.2,24.52,1.07,1.27,1.07,2,1,3.67,0.27,2.33,2.6,3.27,0.67,2.93,2.8,1.33,"MELILLA CIUDAD DEL DEPORTE LA SALLE",979770
"1587316","C. CACERES AYALA",15,1,260.3,108,30,37,33,64,4,17,7,37,44,28,12,35,36,37,86,110,37,81,0.81,0.52,0.24,0.48,0.56,132.28,0.82,7.2,17.35,2,2.47,2.2,4.27,0.27,1.13,0.47,2.47,2.93,1.87,0.8,2.33,2.4,2.47,"MELILLA CIUDAD DEL DEPORTE LA SALLE",979770
"1713801","C. TORRUBIA CANO",15,4,103.92,24,5,5,8,21,1,5,9,13,22,3,1,7,13,4,18,17,9,26,1,0.38,0.2,0.37,0.43,35.2,0.68,1.6,6.93,0.33,0.33,0.53,1.4,0.07,0.33,0.6,0.87,1.47,0.2,0.07,0.47,0.87,0.27,"MELILLA CIUDAD DEL DEPORTE LA SALLE",979770
"1715165","M. TORREBLANCA GINEL",14,2,168.35,54,2,2,2,10,16,42,3,12,15,6,4,4,10,3,5,34,18,52,1,0.2,0.38,0.5,0.51,56.88,0.95,3.86,12.03,0.14,0.14,0.14,0.71,1.14,3,0.21,0.86,1.07,0.43,0.29,0.29,0.71,0.21,"MELILLA CIUDAD DEL DEPORTE LA SALLE",979770
"1756623","A. HERNANGOMEZ GEUER",15,4,317.37,71,19,24,17,50,6,35,27,55,82,17,17,30,25,23,16,89,23,85,0.79,0.34,0.17,0.31,0.37,125.56,0.57,4.73,21.16,1.27,1.6,1.13,3.33,0.4,2.33,1.8,3.67,5.47,1.13,1.13,2,1.67,1.53,"MELILLA CIUDAD DEL DEPORTE LA SALLE",979770
"1829640","A. SANCHEZ DAVILA",15,5,272.87,127,11,18,22,47,24,68,8,36,44,16,13,17,26,24,42,107,46,115,0.61,0.47,0.35,0.5,0.52,139.92,0.91,8.47,18.19,0.73,1.2,1.47,3.13,1.6,4.53,0.53,2.4,2.93,1.07,0.87,1.13,1.73,1.6,"MELILLA CIUDAD DEL DEPORTE LA SALLE",979770
"1946976","L. MOYA BLANCH",15,7,258.93,85,7,12,21,43,12,29,13,33,46,10,4,14,37,19,59,73,33,72,0.58,0.49,0.41,0.54,0.55,91.28,0.93,5.67,17.26,0.47,0.8,1.4,2.87,0.8,1.93,0.87,2.2,3.07,0.67,0.27,0.93,2.47,1.27,"MELILLA CIUDAD DEL DEPORTE LA SALLE",979770
"2095344","M. DIAZ GARCIA",1,0,0,0,0,0,0,0,0,0,0,0,0,0,0,0,0,0,0,0,0,0,NA,NA,NA,NA,NA,0,NA,0,0,0,0,0,0,0,0,0,0,0,0,0,0,0,0,"MELILLA CIUDAD DEL DEPORTE LA SALLE",979770
"2104399","C. GARCIA MUÑOZ",15,0,187.48,69,16,21,25,42,1,6,18,28,46,3,4,19,21,20,28,77,26,48,0.76,0.6,0.17,0.55,0.6,76.24,0.91,4.6,12.5,1.07,1.4,1.67,2.8,0.07,0.4,1.2,1.87,3.07,0.2,0.27,1.27,1.4,1.33,"MELILLA CIUDAD DEL DEPORTE LA SALLE",979770
"2124236","R. MARTIN-VIVALDI LINARES",1,0,0,0,0,0,0,0,0,0,0,0,0,0,0,0,0,0,0,0,0,0,NA,NA,NA,NA,NA,0,NA,0,0,0,0,0,0,0,0,0,0,0,0,0,0,0,0,"MELILLA CIUDAD DEL DEPORTE LA SALLE",979770
"2204396","L. GONZALEZ MORENO",5,0,2.55,0,0,2,0,1,0,0,0,0,0,0,0,0,0,1,5,-2,0,1,0,0,NA,0,0,1.88,0,0,0.51,0,0.4,0,0.2,0,0,0,0,0,0,0,0,0,0.2,"MELILLA CIUDAD DEL DEPORTE LA SALLE",979770
"2432929","M. DAVYDOVA",15,15,327.92,95,29,47,33,73,0,3,31,68,99,13,9,17,23,51,49,171,33,76,0.62,0.45,0,0.43,0.49,113.68,0.84,6.33,21.86,1.93,3.13,2.2,4.87,0,0.2,2.07,4.53,6.6,0.87,0.6,1.13,1.53,3.4,"MELILLA CIUDAD DEL DEPORTE LA SALLE",979770
"2648563","M. D'URSO VALLINA",13,7,321.08,145,25,35,12,35,32,81,8,33,41,49,28,26,32,38,92,161,44,116,0.71,0.34,0.4,0.52,0.55,157.4,0.92,11.15,24.7,1.92,2.69,0.92,2.69,2.46,6.23,0.62,2.54,3.15,3.77,2.15,2,2.46,2.92,"MELILLA CIUDAD DEL DEPORTE LA SALLE",979770
"2648563","M. D´URSO VALLINA",2,2,48.13,9,1,1,1,6,2,11,0,9,9,2,4,1,6,3,15,6,3,17,1,0.17,0.18,0.24,0.26,18.44,0.49,4.5,24.07,0.5,0.5,0.5,3,1,5.5,0,4.5,4.5,1,2,0.5,3,1.5,"MELILLA CIUDAD DEL DEPORTE LA SALLE",979770
"2814864","R. MONTEIRO DA SILVA",15,14,388.3,181,37,41,51,105,14,36,21,46,67,38,13,22,36,42,46,207,65,141,0.9,0.49,0.39,0.51,0.57,181.04,1,12.07,25.89,2.47,2.73,3.4,7,0.93,2.4,1.4,3.07,4.47,2.53,0.87,1.47,2.4,2.8,"MELILLA CIUDAD DEL DEPORTE LA SALLE",979770
"1160361","S. LABORDA CIMAS",2,0,2.27,0,0,0,0,0,0,0,0,0,0,0,0,1,2,0,-5,-3,0,0,NA,NA,NA,NA,NA,1,0,0,1.14,0,0,0,0,0,0,0,0,0,0,0,0.5,1,0,"RECOLETAS ZAMORA",979919
"1259670","B. SANCHEZ MARRUFO",15,5,394.73,122,42,58,16,46,16,43,23,56,79,17,9,12,16,50,60,177,32,89,0.72,0.35,0.37,0.45,0.53,126.52,0.96,8.13,26.32,2.8,3.87,1.07,3.07,1.07,2.87,1.53,3.73,5.27,1.13,0.6,0.8,1.07,3.33,"RECOLETAS ZAMORA",979919
"1599354","A. TAINTA LIZALDE",15,14,443.25,80,2,16,24,67,10,41,12,37,49,39,34,15,38,23,107,86,34,108,0.12,0.36,0.24,0.36,0.35,130.04,0.62,5.33,29.55,0.13,1.07,1.6,4.47,0.67,2.73,0.8,2.47,3.27,2.6,2.27,1,2.53,1.53,"RECOLETAS ZAMORA",979919
"1942017","A. MARTIN TEJEDOR",9,1,204.8,66,24,27,6,16,10,39,2,21,23,11,5,11,20,21,25,55,16,55,0.89,0.38,0.26,0.38,0.49,77.88,0.85,7.33,22.76,2.67,3,0.67,1.78,1.11,4.33,0.22,2.33,2.56,1.22,0.56,1.22,2.22,2.33,"RECOLETAS ZAMORA",979919
"2047146","M. FERNANDEZ MUÑOZ",14,4,223.07,71,27,30,16,37,4,18,2,14,16,22,14,26,32,25,-6,52,20,55,0.9,0.43,0.22,0.4,0.52,94.2,0.75,5.07,15.93,1.93,2.14,1.14,2.64,0.29,1.29,0.14,1,1.14,1.57,1,1.86,2.29,1.79,"RECOLETAS ZAMORA",979919
"2110765","A. PEREZ RELANCIO",15,12,288.32,154,21,22,50,95,11,26,7,42,49,16,17,23,33,24,44,147,61,121,0.95,0.53,0.42,0.55,0.59,153.68,1,10.27,19.22,1.4,1.47,3.33,6.33,0.73,1.73,0.47,2.8,3.27,1.07,1.13,1.53,2.2,1.6,"RECOLETAS ZAMORA",979919
"2185038","V. ALONSO ESCOBAR",1,0,2.8,0,0,0,0,1,0,0,0,0,0,0,0,0,0,0,-1,-1,0,1,NA,0,NA,0,0,1,0,0,2.8,0,0,0,1,0,0,0,0,0,0,0,0,0,0,"RECOLETAS ZAMORA",979919
"2239381","D. ANGEL VILLEN",15,7,229.75,58,10,20,12,32,8,34,9,19,28,4,6,11,37,22,11,14,20,66,0.5,0.38,0.24,0.36,0.39,85.8,0.68,3.87,15.32,0.67,1.33,0.8,2.13,0.53,2.27,0.6,1.27,1.87,0.27,0.4,0.73,2.47,1.47,"RECOLETAS ZAMORA",979919
"2379459","L. SAHAGUN BERNAL",6,0,10.05,0,0,0,0,2,0,0,1,0,1,1,2,2,2,0,5,-2,0,2,NA,0,NA,0,0,4,0,0,1.68,0,0,0,0.33,0,0,0.17,0,0.17,0.17,0.33,0.33,0.33,0,"RECOLETAS ZAMORA",979919
"2432306","F. NISKI CASTELAO",10,7,261.9,118,34,43,27,57,10,44,5,22,27,19,12,19,22,34,44,96,37,101,0.79,0.47,0.23,0.42,0.49,138.92,0.85,11.8,26.19,3.4,4.3,2.7,5.7,1,4.4,0.5,2.2,2.7,1.9,1.2,1.9,2.2,3.4,"RECOLETAS ZAMORA",979919
"2479127","C. FEO REFOYO",1,0,0,0,0,0,0,0,0,0,0,0,0,0,0,0,0,0,0,0,0,0,NA,NA,NA,NA,NA,0,NA,0,0,0,0,0,0,0,0,0,0,0,0,0,0,0,0,"RECOLETAS ZAMORA",979919
"2479130","L. RAMOS SEISDEDOS",1,0,0,0,0,0,0,0,0,0,0,0,0,0,0,0,0,0,0,0,0,0,NA,NA,NA,NA,NA,0,NA,0,0,0,0,0,0,0,0,0,0,0,0,0,0,0,0,"RECOLETAS ZAMORA",979919
"2479192","I. DE ARRIBA TOYOS",2,0,0,0,0,0,0,0,0,0,0,0,0,0,0,0,0,0,0,0,0,0,NA,NA,NA,NA,NA,0,NA,0,0,0,0,0,0,0,0,0,0,0,0,0,0,0,0,"RECOLETAS ZAMORA",979919
"2509640","E. TAMAMES CORRAL",3,0,0,0,0,0,0,0,0,0,0,0,0,0,0,0,0,0,0,0,0,0,NA,NA,NA,NA,NA,0,NA,0,0,0,0,0,0,0,0,0,0,0,0,0,0,0,0,"RECOLETAS ZAMORA",979919
"2509641","M. HERNÁNDEZ HERNÁNDEZ",5,0,2,0,0,0,0,0,0,0,0,0,0,0,0,0,0,0,3,0,0,0,NA,NA,NA,NA,NA,0,NA,0,0.4,0,0,0,0,0,0,0,0,0,0,0,0,0,0,"RECOLETAS ZAMORA",979919
"2561100","F. POUYE",15,2,343.38,168,39,46,54,98,7,22,27,44,71,6,18,28,32,39,43,178,61,120,0.85,0.55,0.32,0.54,0.6,168.24,1,11.2,22.89,2.6,3.07,3.6,6.53,0.47,1.47,1.8,2.93,4.73,0.4,1.2,1.87,2.13,2.6,"RECOLETAS ZAMORA",979919
"2621533","C. LLORENTE",1,0,0.65,0,0,0,0,0,0,0,0,0,0,0,0,0,1,0,0,-1,0,0,NA,NA,NA,NA,NA,0,NA,0,0.65,0,0,0,0,0,0,0,0,0,0,0,0,1,0,"RECOLETAS ZAMORA",979919
"2734310","E. RESENDE CARREGOSA",15,12,397.23,113,33,47,25,51,10,44,7,43,50,35,21,31,35,40,92,119,35,95,0.7,0.49,0.23,0.42,0.49,146.68,0.77,7.53,26.48,2.2,3.13,1.67,3.4,0.67,2.93,0.47,2.87,3.33,2.33,1.4,2.07,2.33,2.67,"RECOLETAS ZAMORA",979919
"2817152","F. FILOR",15,11,220.8,97,33,41,32,74,0,5,20,46,66,1,10,31,39,30,18,79,32,79,0.8,0.43,0,0.41,0.5,128.04,0.76,6.47,14.72,2.2,2.73,2.13,4.93,0,0.33,1.33,3.07,4.4,0.07,0.67,2.07,2.6,2,"RECOLETAS ZAMORA",979919
"1112483","L. MENDEZ LAMAS",14,3,283.53,58,16,21,18,50,2,14,21,40,61,17,5,17,11,22,-51,89,20,64,0.76,0.36,0.14,0.33,0.4,90.24,0.64,4.14,20.25,1.14,1.5,1.29,3.57,0.14,1,1.5,2.86,4.36,1.21,0.36,1.21,0.79,1.57,"ALTER ENERSUN AL-QÁZERES EXTREMADURA",981208
"1860325","L. FONTELA CABALEIRO",15,4,385.6,100,32,49,22,64,8,34,17,31,48,26,19,34,41,48,-11,81,30,98,0.65,0.34,0.24,0.35,0.42,153.56,0.65,6.67,25.71,2.13,3.27,1.47,4.27,0.53,2.27,1.13,2.07,3.2,1.73,1.27,2.27,2.73,3.2,"ALTER ENERSUN AL-QÁZERES EXTREMADURA",981208
"1889214","C. PRIETO PEREDA ",15,0,192.47,25,7,9,6,24,2,12,2,18,20,14,8,11,14,12,-47,25,8,36,0.78,0.25,0.17,0.25,0.31,50.96,0.49,1.67,12.83,0.47,0.6,0.4,1.6,0.13,0.8,0.13,1.2,1.33,0.93,0.53,0.73,0.93,0.8,"ALTER ENERSUN AL-QÁZERES EXTREMADURA",981208
"1902336","N. LISTE ALFONSIN",15,15,436.82,163,48,65,50,110,5,10,29,81,110,11,12,28,33,56,32,212,55,120,0.74,0.45,0.5,0.48,0.55,176.6,0.92,10.87,29.12,3.2,4.33,3.33,7.33,0.33,0.67,1.93,5.4,7.33,0.73,0.8,1.87,2.2,3.73,"ALTER ENERSUN AL-QÁZERES EXTREMADURA",981208
"2044012","C. SUAREZ FERNANDEZ",3,0,30.83,8,0,0,1,1,2,5,1,2,3,0,2,2,1,5,7,12,3,6,NA,1,0.4,0.67,0.67,8,1,2.67,10.28,0,0,0.33,0.33,0.67,1.67,0.33,0.67,1,0,0.67,0.67,0.33,1.67,"ALTER ENERSUN AL-QÁZERES EXTREMADURA",981208
"2044012","C. SUÁREZ FERNÁNDEZ",12,5,109.22,10,0,0,2,6,2,9,4,9,13,3,3,2,15,1,-43,2,4,15,NA,0.33,0.22,0.33,0.33,17,0.59,0.83,9.1,0,0,0.17,0.5,0.17,0.75,0.33,0.75,1.08,0.25,0.25,0.17,1.25,0.08,"ALTER ENERSUN AL-QÁZERES EXTREMADURA",981208
"2056237","L. SALMERON SEGU",4,3,102.47,17,5,8,0,13,4,15,1,11,12,11,4,5,8,6,16,10,4,28,0.62,0,0.27,0.21,0.27,36.52,0.47,4.25,25.62,1.25,2,0,3.25,1,3.75,0.25,2.75,3,2.75,1,1.25,2,1.5,"ALTER ENERSUN AL-QÁZERES EXTREMADURA",981208
"2178748","B. GONZALEZ ROSCO ",4,0,1.23,0,0,0,0,0,0,0,0,0,0,0,0,0,0,0,-3,0,0,0,NA,NA,NA,NA,NA,0,NA,0,0.31,0,0,0,0,0,0,0,0,0,0,0,0,0,0,"ALTER ENERSUN AL-QÁZERES EXTREMADURA",981208
"2229964","S. GOMEZ TOBIAS",5,0,0.53,0,0,0,0,0,0,0,0,0,0,0,0,0,0,0,-2,0,0,0,NA,NA,NA,NA,NA,0,NA,0,0.11,0,0,0,0,0,0,0,0,0,0,0,0,0,0,"ALTER ENERSUN AL-QÁZERES EXTREMADURA",981208
"2234863","E. ALONSO GUERRA",7,0,1.88,0,0,0,0,0,0,0,0,0,0,0,0,1,2,0,1,-3,0,0,NA,NA,NA,NA,NA,1,0,0,0.27,0,0,0,0,0,0,0,0,0,0,0,0.14,0.29,0,"ALTER ENERSUN AL-QÁZERES EXTREMADURA",981208
"2235368","C. GONZALEZ NEILA",1,0,1.1,0,0,0,0,0,0,0,0,0,0,0,0,0,0,0,0,0,0,0,NA,NA,NA,NA,NA,0,NA,0,1.1,0,0,0,0,0,0,0,0,0,0,0,0,0,0,"ALTER ENERSUN AL-QÁZERES EXTREMADURA",981208
"2432389","J. DE BARROS FILIPE",15,14,433.6,189,32,39,41,85,25,88,26,48,74,26,18,26,42,62,-38,192,66,173,0.82,0.48,0.28,0.45,0.5,216.16,0.87,12.6,28.91,2.13,2.6,2.73,5.67,1.67,5.87,1.73,3.2,4.93,1.73,1.2,1.73,2.8,4.13,"ALTER ENERSUN AL-QÁZERES EXTREMADURA",981208
"2557207","L. MORO SANTANO",2,0,6.67,0,0,0,0,1,0,0,0,0,0,0,0,0,0,0,-8,-1,0,1,NA,0,NA,0,0,1,0,0,3.34,0,0,0,0.5,0,0,0,0,0,0,0,0,0,0,"ALTER ENERSUN AL-QÁZERES EXTREMADURA",981208
"2735904","R. DE LIMA VIEGAS LANEIRO",7,7,216.1,96,14,15,20,47,14,51,5,19,24,30,11,24,7,16,-8,81,34,98,0.93,0.43,0.27,0.42,0.46,128.6,0.75,13.71,30.87,2,2.14,2.86,6.71,2,7.29,0.71,2.71,3.43,4.29,1.57,3.43,1,2.29,"ALTER ENERSUN AL-QÁZERES EXTREMADURA",981208
"2815153","V. GAUNA",15,9,367.8,129,30,44,36,84,9,44,22,72,94,13,15,32,37,41,-20,127,45,128,0.68,0.43,0.2,0.39,0.44,179.36,0.72,8.6,24.52,2,2.93,2.4,5.6,0.6,2.93,1.47,4.8,6.27,0.87,1,2.13,2.47,2.73,"ALTER ENERSUN AL-QÁZERES EXTREMADURA",981208
"2815234","I. TAVARES RAMOS",15,15,455.15,160,24,28,35,77,22,74,7,28,35,38,22,32,32,30,25,124,57,151,0.86,0.45,0.3,0.45,0.49,195.32,0.82,10.67,30.34,1.6,1.87,2.33,5.13,1.47,4.93,0.47,1.87,2.33,2.53,1.47,2.13,2.13,2,"ALTER ENERSUN AL-QÁZERES EXTREMADURA",981208
"1721468","C. VILLAMOR APARICIO",10,0,177.8,33,4,7,10,28,3,14,3,12,15,13,5,12,16,18,-6,24,13,42,0.57,0.36,0.21,0.35,0.37,57.08,0.58,3.3,17.78,0.4,0.7,1,2.8,0.3,1.4,0.3,1.2,1.5,1.3,0.5,1.2,1.6,1.8,"DOMUSA TEKNIK ISB",979912
"1826917","J. AZCUE JAUREGUI",15,8,306.72,109,32,44,25,70,9,26,4,50,54,19,17,29,38,49,-13,112,34,96,0.73,0.36,0.35,0.4,0.47,144.36,0.76,7.27,20.45,2.13,2.93,1.67,4.67,0.6,1.73,0.27,3.33,3.6,1.27,1.13,1.93,2.53,3.27,"DOMUSA TEKNIK ISB",979912
"1894119","S. IPARRAGUIRRE ALUSTIZA",13,10,261.98,51,2,4,17,46,5,29,2,29,31,14,12,18,15,8,-24,30,22,75,0.5,0.37,0.17,0.33,0.33,94.76,0.54,3.92,20.15,0.15,0.31,1.31,3.54,0.38,2.23,0.15,2.23,2.38,1.08,0.92,1.38,1.15,0.62,"DOMUSA TEKNIK ISB",979912
"2021400","M. GUTIERREZ IBAÑEZ",15,4,251.2,58,10,13,15,29,6,27,10,16,26,14,6,10,16,14,14,55,21,56,0.77,0.52,0.22,0.43,0.47,71.72,0.81,3.87,16.75,0.67,0.87,1,1.93,0.4,1.8,0.67,1.07,1.73,0.93,0.4,0.67,1.07,0.93,"DOMUSA TEKNIK ISB",979912
"2137901","M. OTAEGI ALBIZU",11,1,115.32,15,0,0,0,7,5,17,3,11,14,1,3,5,11,4,-41,2,5,24,NA,0,0.29,0.31,0.31,29,0.52,1.36,10.48,0,0,0,0.64,0.45,1.55,0.27,1,1.27,0.09,0.27,0.45,1,0.36,"DOMUSA TEKNIK ISB",979912
"2145033","A. LIZUNDIA AROZENA",15,7,278.52,65,3,4,16,40,10,35,10,25,35,20,18,16,35,10,-18,50,26,75,0.75,0.4,0.29,0.41,0.42,92.76,0.7,4.33,18.57,0.2,0.27,1.07,2.67,0.67,2.33,0.67,1.67,2.33,1.33,1.2,1.07,2.33,0.67,"DOMUSA TEKNIK ISB",979912
"2364470","G. LEAUPEPE",15,4,284.87,169,48,68,35,89,17,57,5,30,35,27,28,36,27,58,49,143,52,146,0.71,0.39,0.3,0.41,0.48,211.92,0.8,11.27,18.99,3.2,4.53,2.33,5.93,1.13,3.8,0.33,2,2.33,1.8,1.87,2.4,1.8,3.87,"DOMUSA TEKNIK ISB",979912
"2478361","N. AROZENA ILLARRAMENDI",5,0,60.78,19,3,7,8,12,0,0,4,9,13,6,6,2,7,4,34,34,8,12,0.43,0.67,NA,0.67,0.63,17.08,1.11,3.8,12.16,0.6,1.4,1.6,2.4,0,0,0.8,1.8,2.6,1.2,1.2,0.4,1.4,0.8,"DOMUSA TEKNIK ISB",979912
"2556720","J. DIEGUEZ BADIOLA",1,0,0,0,0,0,0,0,0,0,0,0,0,0,0,0,0,0,0,0,0,0,NA,NA,NA,NA,NA,0,NA,0,0,0,0,0,0,0,0,0,0,0,0,0,0,0,0,"DOMUSA TEKNIK ISB",979912
"2587175","E. ANSORREGI DEBA",1,0,0,0,0,0,0,0,0,0,0,0,0,0,0,0,0,0,0,0,0,0,NA,NA,NA,NA,NA,0,NA,0,0,0,0,0,0,0,0,0,0,0,0,0,0,0,0,"DOMUSA TEKNIK ISB",979912
"2735761","B. TOMANCOVA",14,5,238.1,67,8,15,28,75,1,6,23,48,71,8,9,26,15,15,-46,70,29,81,0.53,0.37,0.17,0.36,0.38,113.6,0.59,4.79,17.01,0.57,1.07,2,5.36,0.07,0.43,1.64,3.43,5.07,0.57,0.64,1.86,1.07,1.07,"DOMUSA TEKNIK ISB",979912
"2818717","S. VAN",15,11,334.87,188,25,35,68,120,9,41,31,43,74,13,16,18,39,27,-16,168,77,161,0.71,0.57,0.22,0.51,0.53,194.4,0.97,12.53,22.32,1.67,2.33,4.53,8,0.6,2.73,2.07,2.87,4.93,0.87,1.07,1.2,2.6,1.8,"DOMUSA TEKNIK ISB",979912
"2818813","E. LALOTTE",15,10,302.92,86,24,42,31,85,0,2,36,80,116,10,5,17,42,36,-8,122,31,87,0.57,0.36,0,0.36,0.41,122.48,0.7,5.73,20.19,1.6,2.8,2.07,5.67,0,0.13,2.4,5.33,7.73,0.67,0.33,1.13,2.8,2.4,"DOMUSA TEKNIK ISB",979912
"2818816","I. ARAÚJO GOUVEIA VIEIRA",15,15,386.93,122,23,31,36,68,9,34,14,17,31,37,27,27,33,39,-5,131,45,102,0.74,0.53,0.26,0.49,0.53,142.64,0.86,8.13,25.8,1.53,2.07,2.4,4.53,0.6,2.27,0.93,1.13,2.07,2.47,1.8,1.8,2.2,2.6,"DOMUSA TEKNIK ISB",979912
"1752455","I. CONDE DURAN",13,7,240.87,54,14,29,20,57,0,0,22,48,70,15,5,14,28,30,-83,94,20,57,0.48,0.35,NA,0.35,0.39,83.76,0.64,4.15,18.53,1.08,2.23,1.54,4.38,0,0,1.69,3.69,5.38,1.15,0.38,1.08,2.15,2.31,"VEGA LAGUNERA TOYOTA  ADAREVA TENERIFE",979952
"2050086","M. MUÑOZ MOYANO",14,0,85.72,21,3,6,6,17,2,12,1,5,6,3,5,3,7,7,-47,8,8,29,0.5,0.35,0.17,0.31,0.33,34.64,0.61,1.5,6.12,0.21,0.43,0.43,1.21,0.14,0.86,0.07,0.36,0.43,0.21,0.36,0.21,0.5,0.5,"VEGA LAGUNERA TOYOTA  ADAREVA TENERIFE",979952
"2056237","L. SALMERON SEGU",11,10,298.02,108,9,16,24,55,17,61,14,13,27,21,12,13,20,18,-98,71,41,116,0.56,0.44,0.28,0.43,0.44,136.04,0.79,9.82,27.09,0.82,1.45,2.18,5,1.55,5.55,1.27,1.18,2.45,1.91,1.09,1.18,1.82,1.64,"VEGA LAGUNERA TOYOTA  ADAREVA TENERIFE",979952
"2073654","C. GIL ABAD",15,6,237.78,68,9,16,16,42,9,41,11,31,42,18,14,25,22,17,-115,47,25,83,0.56,0.38,0.22,0.36,0.38,115.04,0.59,4.53,15.85,0.6,1.07,1.07,2.8,0.6,2.73,0.73,2.07,2.8,1.2,0.93,1.67,1.47,1.13,"VEGA LAGUNERA TOYOTA  ADAREVA TENERIFE",979952
"2082062","A. COULIBALY GARCIA",1,0,5.6,0,0,0,0,0,0,0,0,3,3,0,1,1,1,2,1,4,0,0,NA,NA,NA,NA,NA,1,0,0,5.6,0,0,0,0,0,0,0,3,3,0,1,1,1,2,"VEGA LAGUNERA TOYOTA  ADAREVA TENERIFE",979952
"2151715","J. NOGUÉS MARTÍ",15,14,385.82,140,27,35,43,105,9,46,7,36,43,46,14,31,31,47,-111,123,52,151,0.77,0.41,0.2,0.37,0.42,197.4,0.71,9.33,25.72,1.8,2.33,2.87,7,0.6,3.07,0.47,2.4,2.87,3.07,0.93,2.07,2.07,3.13,"VEGA LAGUNERA TOYOTA  ADAREVA TENERIFE",979952
"2155489","X. SALZMANN ROMEU",15,3,179.45,16,3,11,5,27,1,4,4,16,20,8,6,11,17,10,-85,4,6,31,0.27,0.19,0.25,0.21,0.22,46.84,0.34,1.07,11.96,0.2,0.73,0.33,1.8,0.07,0.27,0.27,1.07,1.33,0.53,0.4,0.73,1.13,0.67,"VEGA LAGUNERA TOYOTA  ADAREVA TENERIFE",979952
"2190844","S. PARES VILASECA",15,1,269.73,88,14,25,28,70,6,26,5,20,25,25,15,28,26,27,-85,54,34,96,0.56,0.4,0.23,0.39,0.41,135,0.65,5.87,17.98,0.93,1.67,1.87,4.67,0.4,1.73,0.33,1.33,1.67,1.67,1,1.87,1.73,1.8,"VEGA LAGUNERA TOYOTA  ADAREVA TENERIFE",979952
"2242362","B. MOMBLONA MONRABAL",2,0,0.07,0,0,0,0,0,0,0,0,0,0,0,0,0,0,0,0,0,0,0,NA,NA,NA,NA,NA,0,NA,0,0.04,0,0,0,0,0,0,0,0,0,0,0,0,0,0,"VEGA LAGUNERA TOYOTA  ADAREVA TENERIFE",979952
"2748944","A. MEITE",13,5,146.32,56,18,25,16,36,2,6,18,26,44,6,8,14,29,20,-40,61,18,42,0.72,0.44,0.33,0.45,0.53,67,0.84,4.31,11.26,1.38,1.92,1.23,2.77,0.15,0.46,1.38,2,3.38,0.46,0.62,1.08,2.23,1.54,"VEGA LAGUNERA TOYOTA  ADAREVA TENERIFE",979952
"2816051","E. TENBROCK",15,9,300.5,84,14,17,8,28,18,59,11,36,47,4,10,10,25,14,-174,64,26,87,0.82,0.29,0.31,0.4,0.44,104.48,0.8,5.6,20.03,0.93,1.13,0.53,1.87,1.2,3.93,0.73,2.4,3.13,0.27,0.67,0.67,1.67,0.93,"VEGA LAGUNERA TOYOTA  ADAREVA TENERIFE",979952
"2816053","A. TIBE",13,4,189.5,40,5,9,13,51,3,11,14,20,34,16,10,17,28,13,-10,19,16,62,0.56,0.25,0.27,0.28,0.3,82.96,0.48,3.08,14.58,0.38,0.69,1,3.92,0.23,0.85,1.08,1.54,2.62,1.23,0.77,1.31,2.15,1,"VEGA LAGUNERA TOYOTA  ADAREVA TENERIFE",979952
"2816669","A. MAROTTE",15,13,431.53,139,7,11,24,50,28,73,13,67,80,20,12,36,25,15,-124,132,52,123,0.64,0.48,0.38,0.54,0.54,163.84,0.85,9.27,28.77,0.47,0.73,1.6,3.33,1.87,4.87,0.87,4.47,5.33,1.33,0.8,2.4,1.67,1,"VEGA LAGUNERA TOYOTA  ADAREVA TENERIFE",979952
"2816766","A. COULIBALY",13,3,201,83,18,30,31,71,1,6,13,28,41,5,8,23,26,23,-63,55,32,77,0.6,0.44,0.17,0.42,0.46,113.2,0.73,6.38,15.46,1.38,2.31,2.38,5.46,0.08,0.46,1,2.15,3.15,0.38,0.62,1.77,2,1.77,"VEGA LAGUNERA TOYOTA  ADAREVA TENERIFE",979952
"2821134","D. NIKOLIC",2,0,12.47,2,2,2,0,0,0,2,1,0,1,0,1,1,2,0,-1,-1,0,2,1,NA,0,0,0.35,3.88,0.52,1,6.24,1,1,0,0,0,1,0.5,0,0.5,0,0.5,0.5,1,0,"VEGA LAGUNERA TOYOTA  ADAREVA TENERIFE",979952
"2864042","K. TREHUB",1,0,15.63,4,0,1,2,8,0,0,3,5,8,1,2,4,4,2,-10,2,2,8,0,0.25,NA,0.25,0.24,12.44,0.32,4,15.63,0,1,2,8,0,0,3,5,8,1,2,4,4,2,"VEGA LAGUNERA TOYOTA  ADAREVA TENERIFE",979952
"1626810","C. ALDECOA RODRIGUEZ",15,13,422.95,139,17,24,10,37,34,103,12,48,60,20,14,21,33,28,-41,107,44,140,0.71,0.27,0.33,0.44,0.46,171.56,0.81,9.27,28.2,1.13,1.6,0.67,2.47,2.27,6.87,0.8,3.2,4,1.33,0.93,1.4,2.2,1.87,"BOSONIT UNIBASKET",981356
"1678734","M. LLORENTE RUIZ",15,1,254.78,93,24,36,27,73,5,25,4,20,24,13,22,26,40,39,9,51,32,98,0.67,0.37,0.2,0.35,0.41,139.84,0.67,6.2,16.99,1.6,2.4,1.8,4.87,0.33,1.67,0.27,1.33,1.6,0.87,1.47,1.73,2.67,2.6,"BOSONIT UNIBASKET",981356
"1778980","I. LOSADA GONZALEZ-BABE",15,5,277.5,64,7,19,27,50,1,11,23,45,68,11,9,9,29,16,-17,90,28,61,0.37,0.54,0.09,0.47,0.46,78.36,0.82,4.27,18.5,0.47,1.27,1.8,3.33,0.07,0.73,1.53,3,4.53,0.73,0.6,0.6,1.93,1.07,"BOSONIT UNIBASKET",981356
"1821692","M. ALONSO GUADAÑO",15,11,370.57,91,6,7,14,48,19,46,5,21,26,49,15,20,27,10,-55,82,33,94,0.86,0.29,0.41,0.45,0.47,117.08,0.78,6.07,24.7,0.4,0.47,0.93,3.2,1.27,3.07,0.33,1.4,1.73,3.27,1,1.33,1.8,0.67,"BOSONIT UNIBASKET",981356
"1834784","E. FLOREZ PASCUAL",14,11,309.82,81,7,12,28,53,6,29,17,50,67,17,7,26,36,22,-32,86,34,82,0.58,0.53,0.21,0.45,0.46,113.28,0.72,5.79,22.13,0.5,0.86,2,3.79,0.43,2.07,1.21,3.57,4.79,1.21,0.5,1.86,2.57,1.57,"BOSONIT UNIBASKET",981356
"2151019","N. PADROSA MONS",15,4,268.83,43,10,25,12,41,3,17,7,17,24,22,14,18,24,26,-24,29,15,58,0.4,0.29,0.18,0.28,0.31,87,0.49,2.87,17.92,0.67,1.67,0.8,2.73,0.2,1.13,0.47,1.13,1.6,1.47,0.93,1.2,1.6,1.73,"BOSONIT UNIBASKET",981356
"2231868","C. CRUZ ALONSO",2,0,0,0,0,0,0,0,0,0,0,0,0,0,0,0,0,0,0,0,0,0,NA,NA,NA,NA,NA,0,NA,0,0,0,0,0,0,0,0,0,0,0,0,0,0,0,0,"BOSONIT UNIBASKET",981356
"2329636","J. AREVALO RODRIGUEZ",4,0,0,0,0,0,0,0,0,0,0,0,0,0,0,0,0,0,0,0,0,0,NA,NA,NA,NA,NA,0,NA,0,0,0,0,0,0,0,0,0,0,0,0,0,0,0,0,"BOSONIT UNIBASKET",981356
"2405749","P. CRUZ PRIETO",1,0,4.13,0,0,0,0,1,0,0,0,0,0,0,0,0,1,0,-7,-2,0,1,NA,0,NA,0,0,1,0,0,4.13,0,0,0,1,0,0,0,0,0,0,0,0,1,0,"BOSONIT UNIBASKET",981356
"2561444","L. CASAS MARTINEZ",4,0,2.87,0,0,0,0,0,0,0,1,0,1,0,0,0,0,0,2,1,0,0,NA,NA,NA,NA,NA,0,NA,0,0.72,0,0,0,0,0,0,0.25,0,0.25,0,0,0,0,0,"BOSONIT UNIBASKET",981356
"2561556","C. SAÑUDO TRILLO",14,1,74.78,11,0,0,1,10,3,14,2,7,9,4,1,5,9,2,-46,-7,4,24,NA,0.1,0.21,0.23,0.23,29,0.38,0.79,5.34,0,0,0.07,0.71,0.21,1,0.14,0.5,0.64,0.29,0.07,0.36,0.64,0.14,"BOSONIT UNIBASKET",981356
"2735759","L. VAN SCHAIK",15,14,390.07,201,48,70,33,81,29,78,24,51,75,26,14,22,36,55,-17,194,62,159,0.69,0.41,0.37,0.48,0.53,211.8,0.95,13.4,26,3.2,4.67,2.2,5.4,1.93,5.2,1.6,3.4,5,1.73,0.93,1.47,2.4,3.67,"BOSONIT UNIBASKET",981356
"2819119","T. SEDLÁKOVÁ",15,13,389.78,136,32,40,43,132,6,24,29,68,97,16,12,29,27,51,0,143,49,156,0.8,0.33,0.25,0.33,0.39,202.6,0.67,9.07,25.99,2.13,2.67,2.87,8.8,0.4,1.6,1.93,4.53,6.47,1.07,0.8,1.93,1.8,3.4,"BOSONIT UNIBASKET",981356
"2819121","H. FORSTER",15,2,258.92,78,28,46,25,57,0,0,27,50,77,11,14,27,43,40,-32,106,25,57,0.61,0.44,NA,0.44,0.5,104.24,0.75,5.2,17.26,1.87,3.07,1.67,3.8,0,0,1.8,3.33,5.13,0.73,0.93,1.8,2.87,2.67,"BOSONIT UNIBASKET",981356
"1460562","C. PEREZ RELANCIO",15,1,216.6,75,16,23,25,61,3,21,23,37,60,10,12,28,41,22,8,53,28,82,0.7,0.41,0.14,0.36,0.41,120.12,0.62,5,14.44,1.07,1.53,1.67,4.07,0.2,1.4,1.53,2.47,4,0.67,0.8,1.87,2.73,1.47,"FUSTECMA NBF CASTELLÓ",979988
"1494221","L. SOLER MADARIAGA",12,1,144.22,37,3,5,11,24,4,15,19,25,44,9,2,12,12,2,-1,45,15,39,0.6,0.46,0.27,0.44,0.45,53.2,0.7,3.08,12.02,0.25,0.42,0.92,2,0.33,1.25,1.58,2.08,3.67,0.75,0.17,1,1,0.17,"FUSTECMA NBF CASTELLÓ",979988
"1618451","L. CAMPOS DE BENGOA",15,15,394.88,163,40,77,33,66,19,81,8,36,44,29,21,29,48,70,-7,120,52,147,0.52,0.5,0.23,0.42,0.45,209.88,0.78,10.87,26.33,2.67,5.13,2.2,4.4,1.27,5.4,0.53,2.4,2.93,1.93,1.4,1.93,3.2,4.67,"FUSTECMA NBF CASTELLÓ",979988
"1680760","S. CARLI DEL PINO",15,3,226.58,49,5,7,13,36,6,33,10,29,39,11,22,17,22,14,-8,48,19,69,0.71,0.36,0.18,0.32,0.34,89.08,0.55,3.27,15.11,0.33,0.47,0.87,2.4,0.4,2.2,0.67,1.93,2.6,0.73,1.47,1.13,1.47,0.93,"FUSTECMA NBF CASTELLÓ",979988
"1721468","C. VILLAMOR APARICIO",5,0,52.72,6,0,2,0,3,2,9,1,3,4,4,1,4,4,4,-36,-1,2,12,0,0,0.22,0.25,0.23,16.88,0.36,1.2,10.54,0,0.4,0,0.6,0.4,1.8,0.2,0.6,0.8,0.8,0.2,0.8,0.8,0.8,"FUSTECMA NBF CASTELLÓ",979988
"2087212","L. RUIZ DE LA HERMOSA ARCE",15,5,277.9,54,11,31,11,42,7,35,3,16,19,22,11,19,23,29,-49,16,18,77,0.35,0.26,0.2,0.28,0.3,109.64,0.49,3.6,18.53,0.73,2.07,0.73,2.8,0.47,2.33,0.2,1.07,1.27,1.47,0.73,1.27,1.53,1.93,"FUSTECMA NBF CASTELLÓ",979988
"2102573","A. FERRI MONTAGUD",12,11,329.1,86,12,17,19,48,12,42,17,41,58,28,17,20,15,24,3,114,31,90,0.71,0.4,0.29,0.41,0.44,117.48,0.73,7.17,27.42,1,1.42,1.58,4,1,3.5,1.42,3.42,4.83,2.33,1.42,1.67,1.25,2,"FUSTECMA NBF CASTELLÓ",979988
"2131367","S. BASAEZ NARVAEZ",15,4,344.98,129,30,40,27,73,15,41,8,30,38,45,29,34,23,41,-2,144,42,114,0.75,0.37,0.37,0.43,0.49,165.6,0.78,8.6,23,2,2.67,1.8,4.87,1,2.73,0.53,2,2.53,3,1.93,2.27,1.53,2.73,"FUSTECMA NBF CASTELLÓ",979988
"2144678","L. JOVENA MESEGUER",14,1,155.15,44,16,23,14,35,0,0,12,15,27,4,8,10,28,16,-14,33,14,35,0.7,0.4,NA,0.4,0.49,55.12,0.8,3.14,11.08,1.14,1.64,1,2.5,0,0,0.86,1.07,1.93,0.29,0.57,0.71,2,1.14,"FUSTECMA NBF CASTELLÓ",979988
"2264676","A. GARCIA HARO",2,0,1.48,0,0,0,0,0,0,0,0,0,0,0,0,0,0,0,-6,0,0,0,NA,NA,NA,NA,NA,0,NA,0,0.74,0,0,0,0,0,0,0,0,0,0,0,0,0,0,"FUSTECMA NBF CASTELLÓ",979988
"2274867","L. DE GIACOMO",15,13,287.68,67,7,13,27,71,2,6,23,37,60,9,19,22,27,11,-31,67,29,77,0.54,0.38,0.33,0.39,0.4,104.72,0.64,4.47,19.18,0.47,0.87,1.8,4.73,0.13,0.4,1.53,2.47,4,0.6,1.27,1.47,1.8,0.73,"FUSTECMA NBF CASTELLÓ",979988
"2281318","S. BELLOCH DELGADO",3,0,0.53,0,0,0,0,0,0,0,0,0,0,0,1,0,0,0,0,1,0,0,NA,NA,NA,NA,NA,0,NA,0,0.18,0,0,0,0,0,0,0,0,0,0,0.33,0,0,0,"FUSTECMA NBF CASTELLÓ",979988
"2383616","F. ASEMOTA AUGUSTINE",2,0,1.48,0,0,0,0,0,0,0,0,0,0,0,0,0,1,0,-3,-1,0,0,NA,NA,NA,NA,NA,0,NA,0,0.74,0,0,0,0,0,0,0,0,0,0,0,0,0.5,0,"FUSTECMA NBF CASTELLÓ",979988
"2815082","M. AGYEI",15,13,363.9,87,14,25,23,62,9,48,25,31,56,5,16,23,34,22,-33,42,32,110,0.56,0.37,0.19,0.33,0.36,144,0.6,5.8,24.26,0.93,1.67,1.53,4.13,0.6,3.2,1.67,2.07,3.73,0.33,1.07,1.53,2.27,1.47,"FUSTECMA NBF CASTELLÓ",979988
"2827468","A. BOURGAREL APARICIO",2,0,14.33,7,0,1,2,6,1,2,0,2,2,2,4,2,1,1,-9,7,3,8,0,0.33,0.5,0.44,0.41,10.44,0.67,3.5,7.16,0,0.5,1,3,0.5,1,0,1,1,1,2,1,0.5,0.5,"FUSTECMA NBF CASTELLÓ",979988
"2829993","G. AIELLO",8,8,188.45,97,17,37,40,66,0,0,24,38,62,6,1,25,26,35,23,115,40,66,0.46,0.61,NA,0.61,0.59,107.28,0.9,12.12,23.56,2.12,4.62,5,8.25,0,0,3,4.75,7.75,0.75,0.12,3.12,3.25,4.38,"FUSTECMA NBF CASTELLÓ",979988
"1508657","V. SAEZ MORENO",9,0,154.32,36,10,14,1,11,8,22,3,7,10,10,7,11,22,10,-33,12,9,33,0.71,0.09,0.36,0.39,0.46,50.16,0.72,4,17.15,1.11,1.56,0.11,1.22,0.89,2.44,0.33,0.78,1.11,1.11,0.78,1.22,2.44,1.11,"LA CORDÁ DE PATERNA NB",981346
"1632609","C. CHE TORTOLA",15,8,376.83,106,8,13,16,32,22,70,7,34,41,46,14,39,24,18,-79,93,38,102,0.62,0.5,0.31,0.48,0.49,146.72,0.72,7.07,25.12,0.53,0.87,1.07,2.13,1.47,4.67,0.47,2.27,2.73,3.07,0.93,2.6,1.6,1.2,"LA CORDÁ DE PATERNA NB",981346
"1687305","L. SEGURA MORENO",15,15,460.4,137,24,29,16,48,27,82,26,48,74,22,17,29,27,30,-52,133,43,130,0.83,0.33,0.33,0.43,0.48,171.76,0.8,9.13,30.69,1.6,1.93,1.07,3.2,1.8,5.47,1.73,3.2,4.93,1.47,1.13,1.93,1.8,2,"LA CORDÁ DE PATERNA NB",981346
"2024557","M. BLEDA ORTEGA",8,8,196.37,53,10,18,11,25,7,36,4,7,11,19,8,19,15,16,-49,24,18,61,0.56,0.44,0.19,0.35,0.38,87.92,0.6,6.62,24.55,1.25,2.25,1.38,3.12,0.88,4.5,0.5,0.88,1.38,2.38,1,2.38,1.88,2,"LA CORDÁ DE PATERNA NB",981346
"2031045","M. GALIANA MIRALLES",15,4,159.83,36,11,17,5,30,5,18,15,35,50,5,6,12,37,14,-9,24,10,48,0.65,0.17,0.28,0.26,0.32,67.48,0.53,2.4,10.66,0.73,1.13,0.33,2,0.33,1.2,1,2.33,3.33,0.33,0.4,0.8,2.47,0.93,"LA CORDÁ DE PATERNA NB",981346
"2032313","C. SEGURA MORENO",4,0,32.28,8,0,0,1,2,2,8,0,2,2,0,0,1,5,1,-22,-2,3,10,NA,0.5,0.25,0.4,0.4,11,0.73,2,8.07,0,0,0.25,0.5,0.5,2,0,0.5,0.5,0,0,0.25,1.25,0.25,"LA CORDÁ DE PATERNA NB",981346
"2049442","I. BRONCANO AVELLANEDA",4,3,75.1,20,2,2,3,8,4,13,1,8,9,2,0,5,8,3,-32,7,7,21,1,0.38,0.31,0.43,0.46,26.88,0.74,5,18.77,0.5,0.5,0.75,2,1,3.25,0.25,2,2.25,0.5,0,1.25,2,0.75,"LA CORDÁ DE PATERNA NB",981346
"2071471","P. SARAVIA LOGROÑO",14,8,351.8,151,25,31,27,57,24,79,11,21,32,14,12,35,40,24,-39,69,51,136,0.81,0.47,0.3,0.46,0.5,184.64,0.82,10.79,25.13,1.79,2.21,1.93,4.07,1.71,5.64,0.79,1.5,2.29,1,0.86,2.5,2.86,1.71,"LA CORDÁ DE PATERNA NB",981346
"2163606","C. SANCHO MAURI",14,4,118.33,28,8,14,7,10,2,8,3,6,9,2,4,5,26,10,-56,7,9,18,0.57,0.7,0.25,0.56,0.58,29.16,0.96,2,8.45,0.57,1,0.5,0.71,0.14,0.57,0.21,0.43,0.64,0.14,0.29,0.36,1.86,0.71,"LA CORDÁ DE PATERNA NB",981346
"2173687","M. LLOMPART PERELLO",15,9,367.32,152,44,66,39,116,10,46,14,47,61,47,18,35,29,75,-59,157,49,162,0.67,0.34,0.22,0.33,0.4,226.04,0.67,10.13,24.49,2.93,4.4,2.6,7.73,0.67,3.07,0.93,3.13,4.07,3.13,1.2,2.33,1.93,5,"LA CORDÁ DE PATERNA NB",981346
"2230288","S. DAVILA DIAZ DE ILARRAZA",8,1,122.45,23,1,2,5,12,4,16,18,21,39,5,4,9,17,3,-31,30,9,28,0.5,0.42,0.25,0.39,0.4,37.88,0.61,2.88,15.31,0.12,0.25,0.62,1.5,0.5,2,2.25,2.62,4.88,0.62,0.5,1.12,2.12,0.38,"LA CORDÁ DE PATERNA NB",981346
"2561096","A. PRIM GIRO",7,0,38,13,0,0,2,3,3,7,0,6,6,6,2,2,3,3,20,20,5,10,NA,0.67,0.43,0.65,0.65,12,1.08,1.86,5.43,0,0,0.29,0.43,0.43,1,0,0.86,0.86,0.86,0.29,0.29,0.43,0.43,"LA CORDÁ DE PATERNA NB",981346
"2653963","A. TRAORE",15,5,318.08,119,19,31,47,85,2,6,36,86,122,6,19,36,47,40,-62,171,49,91,0.61,0.55,0.33,0.55,0.57,140.64,0.85,7.93,21.21,1.27,2.07,3.13,5.67,0.13,0.4,2.4,5.73,8.13,0.4,1.27,2.4,3.13,2.67,"LA CORDÁ DE PATERNA NB",981346
"2796302","P. GABRIEL",15,10,253.88,98,16,28,41,80,0,0,36,56,92,5,9,30,47,33,-52,118,41,80,0.57,0.51,NA,0.51,0.53,122.32,0.8,6.53,16.93,1.07,1.87,2.73,5.33,0,0,2.4,3.73,6.13,0.33,0.6,2,3.13,2.2,"LA CORDÁ DE PATERNA NB",981346
"1494221","L. SOLER MADARIAGA",2,0,48.47,6,0,0,3,7,0,5,3,10,13,2,1,6,1,0,-14,7,3,12,NA,0.43,0,0.25,0.25,18,0.33,3,24.24,0,0,1.5,3.5,0,2.5,1.5,5,6.5,1,0.5,3,0.5,0,"MCR LIMA-HORTA BARCELONA",981206
"1886093","E. ESCUDER GONZALEZ",15,0,185.22,65,2,4,6,14,17,44,3,11,14,11,7,9,9,5,-57,47,23,58,0.5,0.43,0.39,0.54,0.54,68.76,0.95,4.33,12.35,0.13,0.27,0.4,0.93,1.13,2.93,0.2,0.73,0.93,0.73,0.47,0.6,0.6,0.33,"MCR LIMA-HORTA BARCELONA",981206
"1908281","M. AGUADO TORTELLA",15,6,367.23,156,40,70,46,90,8,28,11,57,68,20,16,30,24,57,-81,171,54,118,0.57,0.51,0.29,0.49,0.52,178.8,0.87,10.4,24.48,2.67,4.67,3.07,6,0.53,1.87,0.73,3.8,4.53,1.33,1.07,2,1.6,3.8,"MCR LIMA-HORTA BARCELONA",981206
"1912814","N. BARRIENTOS PEREIRA",15,5,224.72,43,14,18,13,33,1,9,15,29,44,12,4,11,22,15,-111,55,14,42,0.78,0.39,0.11,0.35,0.43,60.92,0.71,2.87,14.98,0.93,1.2,0.87,2.2,0.07,0.6,1,1.93,2.93,0.8,0.27,0.73,1.47,1,"MCR LIMA-HORTA BARCELONA",981206
"1958425","L. ROIG I SALRACH",15,6,362.95,108,13,35,28,77,13,46,11,28,39,31,11,48,44,43,-119,36,41,123,0.37,0.36,0.28,0.39,0.39,186.4,0.58,7.2,24.2,0.87,2.33,1.87,5.13,0.87,3.07,0.73,1.87,2.6,2.07,0.73,3.2,2.93,2.87,"MCR LIMA-HORTA BARCELONA",981206
"1959765","J. RUEDA CHONI",15,14,448.52,169,35,51,49,99,12,57,11,56,67,66,29,68,45,64,-93,173,61,156,0.69,0.49,0.21,0.43,0.47,246.44,0.69,11.27,29.9,2.33,3.4,3.27,6.6,0.8,3.8,0.73,3.73,4.47,4.4,1.93,4.53,3,4.27,"MCR LIMA-HORTA BARCELONA",981206
"1968768","I. SUBIRATS TERUEL",15,15,363.57,86,10,13,17,41,14,57,12,42,54,18,20,29,37,17,-110,59,31,98,0.77,0.41,0.25,0.39,0.41,132.72,0.65,5.73,24.24,0.67,0.87,1.13,2.73,0.93,3.8,0.8,2.8,3.6,1.2,1.33,1.93,2.47,1.13,"MCR LIMA-HORTA BARCELONA",981206
"2042157","C. RIPOLL MOYA",15,4,206.85,50,1,4,5,11,13,52,5,8,13,1,7,10,25,10,-60,-2,18,63,0.25,0.45,0.25,0.39,0.39,74.76,0.67,3.33,13.79,0.07,0.27,0.33,0.73,0.87,3.47,0.33,0.53,0.87,0.07,0.47,0.67,1.67,0.67,"MCR LIMA-HORTA BARCELONA",981206
"2049841","E. TRAWALLY PORTA",14,7,180.1,60,6,10,15,32,8,22,13,41,54,4,12,13,16,10,11,80,23,54,0.6,0.47,0.36,0.5,0.51,71.4,0.84,4.29,12.86,0.43,0.71,1.07,2.29,0.57,1.57,0.93,2.93,3.86,0.29,0.86,0.93,1.14,0.71,"MCR LIMA-HORTA BARCELONA",981206
"2053378","P. DE ANTONIO VENTURA",1,0,0,0,0,0,0,0,0,0,0,0,0,0,0,0,0,0,0,0,0,0,NA,NA,NA,NA,NA,0,NA,0,0,0,0,0,0,0,0,0,0,0,0,0,0,0,0,"MCR LIMA-HORTA BARCELONA",981206
"2235190","E. MORALES LÓPEZ",15,15,370.48,106,19,25,42,97,1,4,29,45,74,14,10,20,36,34,-75,119,43,101,0.76,0.43,0.25,0.43,0.47,132,0.8,7.07,24.7,1.27,1.67,2.8,6.47,0.07,0.27,1.93,3,4.93,0.93,0.67,1.33,2.4,2.27,"MCR LIMA-HORTA BARCELONA",981206
"2431194","A. DE JUAN PULIDO",5,0,0,0,0,0,0,0,0,0,0,0,0,0,0,0,0,0,0,0,0,0,NA,NA,NA,NA,NA,0,NA,0,0,0,0,0,0,0,0,0,0,0,0,0,0,0,0,"MCR LIMA-HORTA BARCELONA",981206
"2642945","B. CHASCO MASO",8,3,108.98,36,10,16,10,26,2,5,10,16,26,3,1,10,8,16,-86,40,12,31,0.62,0.38,0.4,0.42,0.47,48.04,0.75,4.5,13.62,1.25,2,1.25,3.25,0.25,0.62,1.25,2,3.25,0.38,0.12,1.25,1,2,"MCR LIMA-HORTA BARCELONA",981206
"2828941","K. CLARK",11,0,132.92,29,7,15,11,34,0,0,25,25,50,8,5,16,23,12,-70,34,11,34,0.47,0.32,NA,0.32,0.36,56.6,0.51,2.64,12.08,0.64,1.36,1,3.09,0,0,2.27,2.27,4.55,0.73,0.45,1.45,2.09,1.09,"MCR LIMA-HORTA BARCELONA",981206
"1242234","C. RODRIGUEZ NUÑEZ",15,14,502.85,159,30,49,60,92,3,13,39,78,117,23,11,28,17,49,-81,273,63,105,0.61,0.65,0.23,0.61,0.63,154.56,1.03,10.6,33.52,2,3.27,4,6.13,0.2,0.87,2.6,5.2,7.8,1.53,0.73,1.87,1.13,3.27,"SERNOVA RENOVABLES REAL CANOE",981288
"1745108","M. TORRES MUNICIO",14,12,347.12,182,34,61,53,98,14,49,11,53,64,13,12,38,36,51,-38,150,67,147,0.56,0.54,0.29,0.5,0.52,211.84,0.86,13,24.79,2.43,4.36,3.79,7,1,3.5,0.79,3.79,4.57,0.93,0.86,2.71,2.57,3.64,"SERNOVA RENOVABLES REAL CANOE",981288
"1787143","C. MATO DE PRADA",15,9,358.88,74,28,48,17,66,4,28,12,28,40,23,16,17,9,31,-51,65,21,94,0.58,0.26,0.14,0.24,0.32,132.12,0.56,4.93,23.93,1.87,3.2,1.13,4.4,0.27,1.87,0.8,1.87,2.67,1.53,1.07,1.13,0.6,2.07,"SERNOVA RENOVABLES REAL CANOE",981288
"1859345","L. FLETA ROBLES",15,5,319.87,107,17,24,27,69,12,50,8,26,34,15,9,27,14,26,-94,63,39,119,0.71,0.39,0.24,0.38,0.41,156.56,0.68,7.13,21.32,1.13,1.6,1.8,4.6,0.8,3.33,0.53,1.73,2.27,1,0.6,1.8,0.93,1.73,"SERNOVA RENOVABLES REAL CANOE",981288
"1927626","C. FLORES GARCIA",15,4,210.8,41,4,5,8,28,7,31,7,18,25,6,10,22,17,8,-39,7,15,59,0.8,0.29,0.23,0.31,0.33,83.2,0.49,2.73,14.05,0.27,0.33,0.53,1.87,0.47,2.07,0.47,1.2,1.67,0.4,0.67,1.47,1.13,0.53,"SERNOVA RENOVABLES REAL CANOE",981288
"2021397","A. ESNAL AGUIRRE",15,14,446.58,147,32,47,32,66,17,46,13,47,60,25,25,29,31,60,-54,179,49,112,0.68,0.48,0.37,0.51,0.55,161.68,0.91,9.8,29.77,2.13,3.13,2.13,4.4,1.13,3.07,0.87,3.13,4,1.67,1.67,1.93,2.07,4,"SERNOVA RENOVABLES REAL CANOE",981288
"2037982","M. NAGORE SANCHEZ",4,0,26.32,0,0,2,0,3,0,0,0,1,1,1,3,5,3,5,-5,-3,0,3,0,0,NA,0,0,8.88,0,0,6.58,0,0.5,0,0.75,0,0,0,0.25,0.25,0.25,0.75,1.25,0.75,1.25,"SERNOVA RENOVABLES REAL CANOE",981288
"2037982","M. NAGORE SÁNCHEZ",2,0,17.13,4,0,0,2,3,0,1,1,2,3,2,0,2,2,0,2,3,2,4,NA,0.67,0,0.5,0.5,6,0.67,2,8.56,0,0,1,1.5,0,0.5,0.5,1,1.5,1,0,1,1,0,"SERNOVA RENOVABLES REAL CANOE",981288
"2094827","N. FIGUEROA ALVAREZ",3,0,0,0,0,0,0,0,0,0,0,0,0,0,0,0,0,0,0,0,0,0,NA,NA,NA,NA,NA,0,NA,0,0,0,0,0,0,0,0,0,0,0,0,0,0,0,0,"SERNOVA RENOVABLES REAL CANOE",981288
"2097038","P. DE MIER ESPINA",15,6,264.4,73,26,35,19,54,3,19,7,27,34,18,13,40,34,30,-11,38,22,73,0.74,0.35,0.16,0.32,0.41,128.4,0.57,4.87,17.63,1.73,2.33,1.27,3.6,0.2,1.27,0.47,1.8,2.27,1.2,0.87,2.67,2.27,2,"SERNOVA RENOVABLES REAL CANOE",981288
"2161390","N. CAÑIZARES GONZALEZ",2,0,3.98,0,0,0,0,0,0,0,0,0,0,0,0,2,0,1,-9,-1,0,0,NA,NA,NA,NA,NA,2,0,0,1.99,0,0,0,0,0,0,0,0,0,0,0,1,0,0.5,"SERNOVA RENOVABLES REAL CANOE",981288
"2185085","A. HERNANDEZ CASA",5,1,18.17,0,0,0,0,3,0,1,0,1,1,0,1,2,2,0,-12,-6,0,4,NA,0,0,0,0,6,0,0,3.63,0,0,0,0.6,0,0.2,0,0.2,0.2,0,0.2,0.4,0.4,0,"SERNOVA RENOVABLES REAL CANOE",981288
"2282044","L. SUAREZ GONZALEZ",2,0,0.48,0,0,0,0,0,0,0,0,0,0,0,0,0,0,0,-2,0,0,0,NA,NA,NA,NA,NA,0,NA,0,0.24,0,0,0,0,0,0,0,0,0,0,0,0,0,0,"SERNOVA RENOVABLES REAL CANOE",981288
"2362540","A. PASTRANA BALLESTEROS",2,0,4.45,2,0,0,1,1,0,0,0,0,0,0,0,1,0,0,-3,1,1,1,NA,1,NA,1,1,2,1,1,2.22,0,0,0.5,0.5,0,0,0,0,0,0,0,0.5,0,0,"SERNOVA RENOVABLES REAL CANOE",981288
"2432516","C. DE SOUSA",12,8,301.15,67,7,10,15,41,10,40,7,38,45,7,9,12,30,15,-68,43,25,81,0.7,0.37,0.25,0.37,0.39,97.4,0.69,5.58,25.1,0.58,0.83,1.25,3.42,0.83,3.33,0.58,3.17,3.75,0.58,0.75,1,2.5,1.25,"SERNOVA RENOVABLES REAL CANOE",981288
"2506665","I. BAEZA DIEZ",1,0,16.1,2,0,2,1,2,0,0,5,2,7,3,0,2,3,2,5,6,1,2,0,0.5,NA,0.5,0.35,4.88,0.41,2,16.1,0,2,1,2,0,0,5,2,7,3,0,2,3,2,"SERNOVA RENOVABLES REAL CANOE",981288
"2818945","O. SANTANA MOLDAVSKY",15,2,161.72,33,5,7,11,27,2,12,4,20,24,12,4,13,19,8,-60,21,13,39,0.71,0.41,0.17,0.36,0.39,55.08,0.6,2.2,10.78,0.33,0.47,0.73,1.8,0.13,0.8,0.27,1.33,1.6,0.8,0.27,0.87,1.27,0.53,"SERNOVA RENOVABLES REAL CANOE",981288
"1522827","M. RECIO GONZALEZ",14,7,303.27,94,11,16,19,50,15,37,8,20,28,22,14,20,27,20,-85,73,34,87,0.69,0.38,0.41,0.48,0.5,114.04,0.82,6.71,21.66,0.79,1.14,1.36,3.57,1.07,2.64,0.57,1.43,2,1.57,1,1.43,1.93,1.43,"CAJASOL BALONCESTO SEVILLA FEMENINO",981306
"1679391","M. MARTINEZ CARRANZA",12,7,219.83,53,6,15,22,50,1,9,23,11,34,5,8,22,41,10,-57,3,23,59,0.4,0.44,0.11,0.4,0.4,87.6,0.61,4.42,18.32,0.5,1.25,1.83,4.17,0.08,0.75,1.92,0.92,2.83,0.42,0.67,1.83,3.42,0.83,"CAJASOL BALONCESTO SEVILLA FEMENINO",981306
"1695079","A. VENDRELL GIRBES",14,0,105.83,14,5,7,0,13,3,26,3,12,15,3,2,5,12,6,-54,-12,3,39,0.71,0,0.12,0.12,0.17,47.08,0.3,1,7.56,0.36,0.5,0,0.93,0.21,1.86,0.21,0.86,1.07,0.21,0.14,0.36,0.86,0.43,"CAJASOL BALONCESTO SEVILLA FEMENINO",981306
"1723585","A. MORALES SANCHO",15,10,308.23,59,14,23,9,30,9,35,4,15,19,25,10,21,10,22,-155,48,18,65,0.61,0.3,0.26,0.35,0.39,96.12,0.61,3.93,20.55,0.93,1.53,0.6,2,0.6,2.33,0.27,1,1.27,1.67,0.67,1.4,0.67,1.47,"CAJASOL BALONCESTO SEVILLA FEMENINO",981306
"1758184","C. SANCHEZ FERNANDEZ-SATORRE",13,6,340.45,182,72,100,40,94,10,40,13,38,51,20,18,51,35,79,-114,152,50,134,0.72,0.43,0.25,0.41,0.51,229,0.79,14,26.19,5.54,7.69,3.08,7.23,0.77,3.08,1,2.92,3.92,1.54,1.38,3.92,2.69,6.08,"CAJASOL BALONCESTO SEVILLA FEMENINO",981306
"1811227","C. ARFINENGO DEL CARPIO",15,6,253.73,60,3,5,6,18,15,47,13,26,39,14,8,14,34,7,-47,34,21,65,0.6,0.33,0.32,0.44,0.45,81.2,0.74,4,16.92,0.2,0.33,0.4,1.2,1,3.13,0.87,1.73,2.6,0.93,0.53,0.93,2.27,0.47,"CAJASOL BALONCESTO SEVILLA FEMENINO",981306
"1836643","E. FERNANDEZ RUBIO",5,0,8.28,0,0,0,0,0,0,0,0,0,0,0,0,2,1,0,-6,-3,0,0,NA,NA,NA,NA,NA,2,0,0,1.66,0,0,0,0,0,0,0,0,0,0,0,0.4,0.2,0,"CAJASOL BALONCESTO SEVILLA FEMENINO",981306
"1993036","I. RIOS RUS",10,5,172.23,49,13,19,15,27,2,8,8,28,36,6,4,14,24,14,-71,47,17,35,0.68,0.56,0.25,0.51,0.57,57.36,0.85,4.9,17.22,1.3,1.9,1.5,2.7,0.2,0.8,0.8,2.8,3.6,0.6,0.4,1.4,2.4,1.4,"CAJASOL BALONCESTO SEVILLA FEMENINO",981306
"1999405","N. ANITUA GARCIA ",15,12,376.67,100,36,41,20,56,8,41,10,42,52,33,14,40,49,47,-143,86,28,97,0.88,0.36,0.2,0.33,0.43,155.04,0.64,6.67,25.11,2.4,2.73,1.33,3.73,0.53,2.73,0.67,2.8,3.47,2.2,0.93,2.67,3.27,3.13,"CAJASOL BALONCESTO SEVILLA FEMENINO",981306
"2004240","N. SANCHEZ ROBAYO",15,5,255.07,85,1,3,21,36,14,37,5,17,22,18,8,21,42,5,-44,35,35,73,0.33,0.58,0.38,0.58,0.57,95.32,0.89,5.67,17,0.07,0.2,1.4,2.4,0.93,2.47,0.33,1.13,1.47,1.2,0.53,1.4,2.8,0.33,"CAJASOL BALONCESTO SEVILLA FEMENINO",981306
"2053354","F. GASSAMA DANSOKO",15,9,371.92,142,25,42,57,119,1,1,42,100,142,26,18,27,44,45,-78,226,58,120,0.6,0.48,1,0.49,0.51,165.48,0.86,9.47,24.79,1.67,2.8,3.8,7.93,0.07,0.07,2.8,6.67,9.47,1.73,1.2,1.8,2.93,3,"CAJASOL BALONCESTO SEVILLA FEMENINO",981306
"2069560","A. LOPEZ MOREJON",2,0,0,0,0,0,0,0,0,0,0,0,0,0,0,0,0,0,0,0,0,0,NA,NA,NA,NA,NA,0,NA,0,0,0,0,0,0,0,0,0,0,0,0,0,0,0,0,"CAJASOL BALONCESTO SEVILLA FEMENINO",981306
"2406962","L. OTERO-SAAVEDRA GARCÍA",2,0,6.8,3,0,0,0,0,1,2,1,1,2,0,0,1,0,0,-6,3,1,2,NA,NA,0.5,0.75,0.75,3,1,1.5,3.4,0,0,0,0,0.5,1,0.5,0.5,1,0,0,0.5,0,0,"CAJASOL BALONCESTO SEVILLA FEMENINO",981306
"2791616","L. VORPHAL",6,4,143,40,5,14,7,20,7,24,9,22,31,21,5,9,16,16,5,50,14,44,0.36,0.35,0.29,0.4,0.4,59.16,0.68,6.67,23.83,0.83,2.33,1.17,3.33,1.17,4,1.5,3.67,5.17,3.5,0.83,1.5,2.67,2.67,"CAJASOL BALONCESTO SEVILLA FEMENINO",981306
"2826087","O. COCHRAN",1,0,10.92,0,0,0,0,4,0,0,2,2,4,1,1,1,3,0,-5,-2,0,4,NA,0,NA,0,0,5,0,0,10.92,0,0,0,4,0,0,2,2,4,1,1,1,3,0,"CAJASOL BALONCESTO SEVILLA FEMENINO",981306
"2848574","E. ELLIOTT",9,4,173.77,103,21,33,38,71,2,10,15,28,43,12,3,16,26,32,-85,104,40,81,0.64,0.54,0.2,0.51,0.54,111.52,0.92,11.44,19.31,2.33,3.67,4.22,7.89,0.22,1.11,1.67,3.11,4.78,1.33,0.33,1.78,2.89,3.56,"CAJASOL BALONCESTO SEVILLA FEMENINO",981306
"1752455","I. CONDE DURAN",13,7,240.87,54,14,29,20,57,0,0,22,48,70,15,5,14,28,30,-83,94,20,57,0.48,0.35,NA,0.35,0.39,83.76,0.64,4.15,18.53,1.08,2.23,1.54,4.38,0,0,1.69,3.69,5.38,1.15,0.38,1.08,2.15,2.31,"C.B. SANTFELIUENC",981242
"2050086","M. MUÑOZ MOYANO",14,0,85.72,21,3,6,6,17,2,12,1,5,6,3,5,3,7,7,-47,8,8,29,0.5,0.35,0.17,0.31,0.33,34.64,0.61,1.5,6.12,0.21,0.43,0.43,1.21,0.14,0.86,0.07,0.36,0.43,0.21,0.36,0.21,0.5,0.5,"C.B. SANTFELIUENC",981242
"2056237","L. SALMERON SEGU",11,10,298.02,108,9,16,24,55,17,61,14,13,27,21,12,13,20,18,-98,71,41,116,0.56,0.44,0.28,0.43,0.44,136.04,0.79,9.82,27.09,0.82,1.45,2.18,5,1.55,5.55,1.27,1.18,2.45,1.91,1.09,1.18,1.82,1.64,"C.B. SANTFELIUENC",981242
"2073654","C. GIL ABAD",15,6,237.78,68,9,16,16,42,9,41,11,31,42,18,14,25,22,17,-115,47,25,83,0.56,0.38,0.22,0.36,0.38,115.04,0.59,4.53,15.85,0.6,1.07,1.07,2.8,0.6,2.73,0.73,2.07,2.8,1.2,0.93,1.67,1.47,1.13,"C.B. SANTFELIUENC",981242
"2082062","A. COULIBALY GARCIA",1,0,5.6,0,0,0,0,0,0,0,0,3,3,0,1,1,1,2,1,4,0,0,NA,NA,NA,NA,NA,1,0,0,5.6,0,0,0,0,0,0,0,3,3,0,1,1,1,2,"C.B. SANTFELIUENC",981242
"2151715","J. NOGUÉS MARTÍ",15,14,385.82,140,27,35,43,105,9,46,7,36,43,46,14,31,31,47,-111,123,52,151,0.77,0.41,0.2,0.37,0.42,197.4,0.71,9.33,25.72,1.8,2.33,2.87,7,0.6,3.07,0.47,2.4,2.87,3.07,0.93,2.07,2.07,3.13,"C.B. SANTFELIUENC",981242
"2155489","X. SALZMANN ROMEU",15,3,179.45,16,3,11,5,27,1,4,4,16,20,8,6,11,17,10,-85,4,6,31,0.27,0.19,0.25,0.21,0.22,46.84,0.34,1.07,11.96,0.2,0.73,0.33,1.8,0.07,0.27,0.27,1.07,1.33,0.53,0.4,0.73,1.13,0.67,"C.B. SANTFELIUENC",981242
"2190844","S. PARES VILASECA",15,1,269.73,88,14,25,28,70,6,26,5,20,25,25,15,28,26,27,-85,54,34,96,0.56,0.4,0.23,0.39,0.41,135,0.65,5.87,17.98,0.93,1.67,1.87,4.67,0.4,1.73,0.33,1.33,1.67,1.67,1,1.87,1.73,1.8,"C.B. SANTFELIUENC",981242
"2242362","B. MOMBLONA MONRABAL",2,0,0.07,0,0,0,0,0,0,0,0,0,0,0,0,0,0,0,0,0,0,0,NA,NA,NA,NA,NA,0,NA,0,0.04,0,0,0,0,0,0,0,0,0,0,0,0,0,0,"C.B. SANTFELIUENC",981242
"2748944","A. MEITE",13,5,146.32,56,18,25,16,36,2,6,18,26,44,6,8,14,29,20,-40,61,18,42,0.72,0.44,0.33,0.45,0.53,67,0.84,4.31,11.26,1.38,1.92,1.23,2.77,0.15,0.46,1.38,2,3.38,0.46,0.62,1.08,2.23,1.54,"C.B. SANTFELIUENC",981242
"2816051","E. TENBROCK",15,9,300.5,84,14,17,8,28,18,59,11,36,47,4,10,10,25,14,-174,64,26,87,0.82,0.29,0.31,0.4,0.44,104.48,0.8,5.6,20.03,0.93,1.13,0.53,1.87,1.2,3.93,0.73,2.4,3.13,0.27,0.67,0.67,1.67,0.93,"C.B. SANTFELIUENC",981242
"2816053","A. TIBE",13,4,189.5,40,5,9,13,51,3,11,14,20,34,16,10,17,28,13,-10,19,16,62,0.56,0.25,0.27,0.28,0.3,82.96,0.48,3.08,14.58,0.38,0.69,1,3.92,0.23,0.85,1.08,1.54,2.62,1.23,0.77,1.31,2.15,1,"C.B. SANTFELIUENC",981242
"2816669","A. MAROTTE",15,13,431.53,139,7,11,24,50,28,73,13,67,80,20,12,36,25,15,-124,132,52,123,0.64,0.48,0.38,0.54,0.54,163.84,0.85,9.27,28.77,0.47,0.73,1.6,3.33,1.87,4.87,0.87,4.47,5.33,1.33,0.8,2.4,1.67,1,"C.B. SANTFELIUENC",981242
"2816766","A. COULIBALY",13,3,201,83,18,30,31,71,1,6,13,28,41,5,8,23,26,23,-63,55,32,77,0.6,0.44,0.17,0.42,0.46,113.2,0.73,6.38,15.46,1.38,2.31,2.38,5.46,0.08,0.46,1,2.15,3.15,0.38,0.62,1.77,2,1.77,"C.B. SANTFELIUENC",981242
"2821134","D. NIKOLIC",2,0,12.47,2,2,2,0,0,0,2,1,0,1,0,1,1,2,0,-1,-1,0,2,1,NA,0,0,0.35,3.88,0.52,1,6.24,1,1,0,0,0,1,0.5,0,0.5,0,0.5,0.5,1,0,"C.B. SANTFELIUENC",981242
"2864042","K. TREHUB",1,0,15.63,4,0,1,2,8,0,0,3,5,8,1,2,4,4,2,-10,2,2,8,0,0.25,NA,0.25,0.24,12.44,0.32,4,15.63,0,1,2,8,0,0,3,5,8,1,2,4,4,2,"C.B. SANTFELIUENC",981242
