"EQUIPO","TEAM","Jornada","POS","PosesionesTEAM","OER","DER","NET","eFG","ORB","AST","TOV","PPP","PTS","T1A","T1I","T1P","T2A","T2I","T2P","T3A","T3I","T3P","FC","FR","ASIS","PER","REC","MAT","OREB","DREB","TREB","RESULTAT","RIVAL","Rival_idR","TEAM_id"
1,"AZULMARINO MALLORCA PALMA","J1",71.74,71,115.7,73.88,41.82,57.89,42.31,11.76,23.7,97.65,83,17,25,68,27,43,62.79,4,14,28.57,24,23,10,17,4,1,11,34,45,"W","OSES CONSTRUCCION",979971,981213
1,"AZULMARINO MALLORCA PALMA","J2",78.38,78.1,89.31,65.07,24.24,36.99,39.62,19.55,21.69,68.41,70,16,28,57.14,15,42,35.71,8,31,25.81,22,23,20,17,7,0,21,36,57,"W","CELTA  FEMXA ZORKA",981492,981213
1,"AZULMARINO MALLORCA PALMA","J3",73.02,70.6,76.69,73.95,2.74,35.19,14.29,8.91,19.17,71.28,56,18,24,75,16,37,43.24,2,17,11.76,18,22,7,14,4,0,5,35,40,"W","VEGA LAGUNERA TOYOTA  ADAREVA TENERIFE",979952,981213
1,"AZULMARINO MALLORCA PALMA","J4",76,71.8,115.79,60.53,55.26,53.39,37.84,18.01,18.42,99.05,88,25,36,69.44,21,36,58.33,7,23,30.43,19,27,16,14,11,0,14,24,38,"W","LA CORDÁ DE PATERNA NB",981346,981213
1,"AZULMARINO MALLORCA PALMA","J5",74.2,74.5,118.6,79.51,39.08,58.47,28,7.1,20.22,104.07,88,19,24,79.17,21,39,53.85,9,20,45,20,24,6,15,12,0,7,28,35,"W","DOMUSA TEKNIK ISB",979912,981213
1,"AZULMARINO MALLORCA PALMA","J6",76,73.8,107.89,81.58,26.32,50.78,28.95,31.86,15.79,93.31,82,17,27,62.96,22,38,57.89,7,26,26.92,19,21,28,12,8,0,11,26,37,"W","C.B. SANTFELIUENC",981242,981213
1,"AZULMARINO MALLORCA PALMA","J7",66.58,70.1,145.69,75.1,70.59,63.28,39.29,30.95,13.52,115.48,97,16,25,64,27,43,62.79,9,21,42.86,19,24,26,9,8,3,11,33,44,"W","BOSONIT UNIBASKET",981356,981213
1,"AZULMARINO MALLORCA PALMA","J8",72.94,72.2,101.45,83.63,17.82,45.07,25,18.79,10.97,86.9,74,10,14,71.43,20,48,41.67,8,23,34.78,16,16,16,8,12,0,10,26,36,"W","UNICAJA MIJAS",981334,981213
1,"AZULMARINO MALLORCA PALMA","J9",73.02,72.4,112.3,82.17,30.13,50.82,34.62,21.32,16.43,97.11,82,20,26,76.92,22,38,57.89,6,23,26.09,18,25,18,12,11,2,9,27,36,"W","CAJASOL BALONCESTO SEVILLA FEMENINO",981306,981213
1,"AZULMARINO MALLORCA PALMA","J10",77.18,77.8,129.57,89.4,40.17,66.13,34.48,36.26,23.32,109.89,100,18,25,72,26,38,68.42,10,24,41.67,21,21,33,18,6,0,10,26,36,"W","MCR LIMA-HORTA BARCELONA",981206,981213
1,"AZULMARINO MALLORCA PALMA","J11",74.88,70.2,96.15,85.47,10.68,45.28,28.12,21.93,20.03,87.72,72,24,32,75,21,36,58.33,2,17,11.76,20,26,18,15,8,0,9,24,33,"W","RECOLETAS ZAMORA",979919,981213
1,"AZULMARINO MALLORCA PALMA","J12",74.52,73.9,99.3,69.78,29.52,51.89,30.77,17.65,28.18,87.06,74,19,25,76,17,31,54.84,7,22,31.82,23,18,15,21,7,2,8,33,41,"W","ALTER ENERSUN AL-QÁZERES EXTREMADURA",981208,981213
1,"AZULMARINO MALLORCA PALMA","J13",77.52,81.7,104.49,77.4,27.09,54.69,28.12,25.5,25.8,86.06,81,11,23,47.83,23,37,62.16,8,27,29.63,19,22,24,20,14,0,9,27,36,"W","MELILLA CIUDAD DEL DEPORTE LA SALLE",979770,981213
1,"AZULMARINO MALLORCA PALMA","J14",75.38,70.9,108.78,82.25,26.53,52.08,48.72,20.47,21.23,88.32,82,7,11,63.64,24,48,50,9,24,37.5,21,13,19,16,8,0,19,31,50,"W","SERNOVA RENOVABLES REAL CANOE",981288,981213
1,"AZULMARINO MALLORCA PALMA","J15",76.82,75.6,101.54,70.29,31.24,50,27.03,29.31,18.22,87.92,78,9,13,69.23,24,47,51.06,7,22,31.82,18,16,26,14,9,0,10,29,39,"W","FUSTECMA NBF CASTELLÓ",979988,981213
2,"CELTA  FEMXA ZORKA","J1",78.78,76.3,105.36,77.43,27.93,52.31,13.89,18.95,10.15,98.29,83,15,26,57.69,25,47,53.19,6,18,33.33,19,23,16,8,15,0,5,27,32,"W","CAJASOL BALONCESTO SEVILLA FEMENINO",981306,981492
2,"CELTA  FEMXA ZORKA","J2",78.38,81.1,65.07,89.31,-24.24,28.47,23.08,14.52,16.59,52.88,51,10,26,38.46,16,52,30.77,3,20,15,23,22,14,13,11,0,12,26,38,"L","AZULMARINO MALLORCA PALMA",981213,981492
2,"CELTA  FEMXA ZORKA","J3",73.68,69.7,107.22,105.86,1.36,53.08,36.11,21.03,19,92.29,79,10,15,66.67,24,43,55.81,7,22,31.82,26,22,18,14,11,0,13,16,29,"W","RECOLETAS ZAMORA",979919,981492
2,"CELTA  FEMXA ZORKA","J4",75.58,73.6,88.65,76.74,11.91,42.62,16.67,13.47,14.55,82.03,67,15,22,68.18,20,49,40.82,4,12,33.33,22,20,11,11,5,1,5,29,34,"W","ALTER ENERSUN AL-QÁZERES EXTREMADURA",981208,981492
2,"CELTA  FEMXA ZORKA","J5",68.98,77.1,110.18,101.48,8.7,44.37,13.16,15.23,8.7,89.03,76,13,19,68.42,18,46,39.13,9,25,36,19,24,13,6,10,0,5,23,28,"W","MELILLA CIUDAD DEL DEPORTE LA SALLE",979770,981492
2,"CELTA  FEMXA ZORKA","J6",80.48,80.3,103.13,78.28,24.85,52.86,33.33,16.91,22.37,87.74,83,9,15,60,28,51,54.9,6,19,31.58,17,14,16,18,16,0,11,24,35,"W","SERNOVA RENOVABLES REAL CANOE",981288,981492
2,"CELTA  FEMXA ZORKA","J7",67.02,66,91.02,67.14,23.87,38.18,34.29,18.57,19.4,75.53,61,19,29,65.52,21,43,48.84,0,12,0,17,20,15,13,9,0,12,23,35,"W","FUSTECMA NBF CASTELLÓ",979988,981492
2,"CELTA  FEMXA ZORKA","J8",72.72,74,90.76,85.26,5.5,36.07,27.91,7.86,19.25,74.09,66,22,32,68.75,16,40,40,4,21,19.05,25,23,7,14,7,0,12,28,40,"W","OSES CONSTRUCCION",979971,981492
2,"CELTA  FEMXA ZORKA","J9",81.82,79.7,103.89,85.55,18.33,56.15,28.12,22.82,24.44,92.35,85,12,16,75,26,44,59.09,7,21,33.33,18,17,21,20,11,0,9,26,35,"W","MCR LIMA-HORTA BARCELONA",981206,981492
2,"CELTA  FEMXA ZORKA","J10",64.02,58.4,95.28,64.04,31.24,47.41,37.5,23.34,15.62,83.75,61,6,11,54.55,20,37,54.05,5,21,23.81,15,13,17,10,11,0,12,26,38,"W","LA LAGUNA TOYOTA  ADAREVA",979952,981492
2,"CELTA  FEMXA ZORKA","J11",68.58,66.8,102.07,87.49,14.58,40.44,48.84,16.56,17.5,77.3,70,15,24,62.5,20,48,41.67,5,20,25,14,23,15,12,8,0,21,24,45,"W","LA CORDÁ DE PATERNA NB",981346,981492
2,"CELTA  FEMXA ZORKA","J12",74.08,67.9,99.89,76.94,22.95,48.31,22.58,24.46,12.15,95.26,74,17,22,77.27,21,39,53.85,5,20,25,16,20,19,9,15,0,7,25,32,"W","DOMUSA TEKNIK ISB",979912,981492
2,"CELTA  FEMXA ZORKA","J13",80.1,80,97.38,84.89,12.48,44.52,26.19,21.2,16.23,82.66,78,13,19,68.42,25,56,44.64,5,17,29.41,13,17,20,13,12,0,11,28,39,"W","C.B. SANTFELIUENC",981242,981492
2,"CELTA  FEMXA ZORKA","J14",75.02,73.2,102.64,81.31,21.33,50.86,32.35,25.23,21.33,88.3,77,18,30,60,22,41,53.66,5,17,29.41,14,22,22,16,13,0,11,19,30,"W","BOSONIT UNIBASKET",981356,981492
2,"CELTA  FEMXA ZORKA","J15",69.34,65.3,105.28,96.63,8.65,54.81,31.25,16.67,21.63,93.59,73,16,25,64,21,40,52.5,5,12,41.67,18,17,13,15,8,0,10,24,34,"W","UNICAJA MIJAS",981334,981492
3,"UNICAJA MIJAS","J1",68.66,66.5,97.58,96.13,1.46,49.17,26.47,11.5,18.93,85.59,67,8,12,66.67,22,42,52.38,5,18,27.78,21,19,9,13,5,0,9,23,32,"W","VEGA LAGUNERA TOYOTA  ADAREVA TENERIFE",979952,981334
3,"UNICAJA MIJAS","J2",75.16,72.1,123.74,102.45,21.29,59.68,36.36,26.4,19.96,106.75,93,19,23,82.61,19,39,48.72,12,23,52.17,24,21,23,15,10,0,12,25,37,"W","LA CORDÁ DE PATERNA NB",981346,981334
3,"UNICAJA MIJAS","J3",74.6,73.2,79.09,68.36,10.72,39.39,34.88,12.05,26.81,64.64,59,7,12,58.33,17,39,43.59,6,27,22.22,20,19,11,20,8,0,15,33,48,"W","DOMUSA TEKNIK ISB",979912,981334
3,"UNICAJA MIJAS","J4",75.7,72.8,128.14,77.94,50.2,57.86,36.36,29.61,11.89,110.48,97,16,20,80,18,38,47.37,15,32,46.88,16,19,26,9,9,0,12,32,44,"W","C.B. SANTFELIUENC",981242,981334
3,"UNICAJA MIJAS","J5",66.54,65.4,73.64,115.72,-42.08,31.06,32.61,15.63,16.53,58.92,49,8,14,57.14,10,36,27.78,7,30,23.33,21,18,13,11,4,0,15,27,42,"L","BOSONIT UNIBASKET",981356,981334
3,"UNICAJA MIJAS","J6",77.56,76.1,116.04,60.6,55.44,50.62,50,23.7,20.63,88.86,90,9,12,75,24,42,57.14,11,38,28.95,17,14,24,16,16,0,22,24,46,"W","MCR LIMA-HORTA BARCELONA",981206,981334
3,"UNICAJA MIJAS","J7",77.96,78.6,128.27,75.68,52.59,53.21,52.27,18.12,19.24,95.35,100,17,27,62.96,19,43,44.19,15,35,42.86,22,26,19,15,12,0,23,26,49,"W","CAJASOL BALONCESTO SEVILLA FEMENINO",981306,981334
3,"UNICAJA MIJAS","J8",72.94,72.7,83.63,101.45,-17.82,37.12,32.5,15.78,23.31,68.76,61,12,13,92.31,17,41,41.46,5,25,20,16,16,14,17,3,0,13,26,39,"L","AZULMARINO MALLORCA PALMA",981213,981334
3,"UNICAJA MIJAS","J9",69.05,75.6,110.07,98.48,11.59,43.66,35.71,13.86,20.28,81.02,76,14,20,70,22,46,47.83,6,25,24,22,24,13,14,5,0,15,30,45,"W","RECOLETAS ZAMORA",979919,981334
3,"UNICAJA MIJAS","J10",69.84,65.7,98.8,81.62,17.18,52.54,35.48,15.11,22.91,86.9,69,7,10,70,19,36,52.78,8,23,34.78,16,15,12,16,3,0,11,36,47,"W","ALTER ENERSUN AL-QÁZERES EXTREMADURA",981208,981334
3,"UNICAJA MIJAS","J11",70.24,69.2,118.17,112.47,5.69,43.66,51.35,16.46,14.24,91.09,83,21,23,91.3,22,45,48.89,6,26,23.08,21,20,15,10,9,0,19,19,38,"W","MELILLA CIUDAD DEL DEPORTE LA SALLE",979770,981334
3,"UNICAJA MIJAS","J12",70.88,66.9,94.53,84.65,9.88,45.97,33.33,14.87,18.34,83,67,10,13,76.92,18,36,50,7,26,26.92,20,17,12,13,9,0,11,26,37,"W","SERNOVA RENOVABLES REAL CANOE",981288,981334
3,"UNICAJA MIJAS","J13",75.96,72.2,101.37,90.84,10.53,46.88,45.95,16.26,25.01,83.48,77,17,21,80.95,18,37,48.65,8,27,29.63,21,20,15,19,7,0,17,21,38,"W","FUSTECMA NBF CASTELLÓ",979988,981334
3,"UNICAJA MIJAS","J14",79.78,77.9,85.23,68.94,16.29,42.25,30.23,19.12,21.31,72.22,68,8,14,57.14,21,42,50,6,29,20.69,15,17,18,17,7,0,13,35,48,"W","OSES CONSTRUCCION",979971,981334
3,"UNICAJA MIJAS","J15",69.34,70.7,96.63,105.28,-8.65,42.86,32.5,12.69,20.19,77.3,67,13,22,59.09,12,30,40,10,33,30.3,17,18,11,14,7,0,13,21,34,"L","CELTA  FEMXA ZORKA",981492,981334
4,"OSES CONSTRUCCION","J1",71.74,66.7,73.88,115.7,-41.82,35.83,12.5,12.08,9.76,71.16,53,10,17,58.82,14,34,41.18,5,26,19.23,23,24,9,7,8,0,5,15,20,"L","AZULMARINO MALLORCA PALMA",981213,979971
4,"OSES CONSTRUCCION","J2",76.08,70.1,103.84,93.32,10.52,53.28,21.21,16.24,15.77,98.7,79,14,16,87.5,19,38,50,9,23,39.13,21,21,13,12,7,0,7,25,32,"W","RECOLETAS ZAMORA",979919,979971
4,"OSES CONSTRUCCION","J3",69.66,65.9,122.02,76.08,45.94,63.56,24,21.45,12.92,113.94,85,10,15,66.67,18,34,52.94,13,25,52,17,14,16,9,15,0,6,23,29,"W","ALTER ENERSUN AL-QÁZERES EXTREMADURA",981208,979971
4,"OSES CONSTRUCCION","J4",67.46,66.2,77.08,103.77,-26.68,33.33,27.27,12.36,14.82,64.26,52,10,18,55.56,12,30,40,6,33,18.18,20,22,10,10,10,0,12,20,32,"L","MELILLA CIUDAD DEL DEPORTE LA SALLE",979770,979971
4,"OSES CONSTRUCCION","J5",69.32,69,96.65,83.67,12.98,46.83,25.81,21.29,17.31,83.92,67,8,11,72.73,19,39,48.72,7,24,29.17,20,16,17,12,11,0,8,21,29,"W","SERNOVA RENOVABLES REAL CANOE",981288,979971
4,"OSES CONSTRUCCION","J6",67.04,67.2,93.97,90.99,2.98,48.18,33.33,15.38,23.87,80.73,63,10,16,62.5,19,38,50,5,17,29.41,19,17,12,16,7,0,8,26,34,"W","FUSTECMA NBF CASTELLÓ",979988,979971
4,"OSES CONSTRUCCION","J7",71.04,69.2,130.91,78.83,52.08,62.5,32.26,29.23,16.89,113.25,93,18,23,78.26,12,26,46.15,17,34,50,15,20,24,12,8,0,10,28,38,"W","MCR LIMA-HORTA BARCELONA",981206,979971
4,"OSES CONSTRUCCION","J8",72.72,67.5,85.26,90.76,-5.5,39.06,31.82,13.04,16.5,73.49,62,12,19,63.16,16,35,45.71,6,29,20.69,24,25,11,12,9,0,14,31,45,"L","CELTA  FEMXA ZORKA",981492,979971
4,"OSES CONSTRUCCION","J9",68.5,66.9,100.73,97.81,2.92,49.17,14.71,13.38,13.14,92.34,69,10,13,76.92,19,36,52.78,7,24,29.17,14,16,10,9,12,0,5,19,24,"W","LA LAGUNA TOYOTA  ADAREVA",979952,979971
4,"OSES CONSTRUCCION","J10",73.22,68.9,84.68,66.92,17.75,43.55,26.32,19.58,19.12,75.87,62,8,13,61.54,18,37,48.65,6,25,24,14,18,16,14,10,0,10,26,36,"W","LA CORDÁ DE PATERNA NB",981346,979971
4,"OSES CONSTRUCCION","J11",70.74,69.9,84.82,73.51,11.31,41.82,13.89,14.14,19.79,77.12,60,14,20,70,8,25,32,10,30,33.33,18,19,11,14,7,0,5,34,39,"W","DOMUSA TEKNIK ISB",979912,979971
4,"OSES CONSTRUCCION","J12",74.38,73.7,110.24,91.42,18.82,50.68,23.68,26.83,9.41,95.66,82,8,13,61.54,22,49,44.9,10,24,41.67,15,17,23,7,5,0,9,29,38,"W","C.B. SANTFELIUENC",981242,979971
4,"OSES CONSTRUCCION","J13",74.8,72.2,97.59,92.25,5.35,51.75,15.62,23.68,18.72,90.98,73,14,21,66.67,13,32,40.62,11,25,44,17,22,19,14,4,0,5,21,26,"W","BOSONIT UNIBASKET",981356,979971
4,"OSES CONSTRUCCION","J14",79.78,77.2,68.94,85.23,-16.29,35.51,8.51,16.59,13.79,65.17,55,6,10,60,20,43,46.51,3,26,11.54,17,15,14,11,11,0,4,28,32,"L","UNICAJA MIJAS",981334,979971
4,"OSES CONSTRUCCION","J15",73.12,72.3,109.41,97.1,12.31,56.9,24.32,16.6,19.15,94.88,80,14,28,50,12,28,42.86,14,30,46.67,18,23,14,14,10,0,9,23,32,"W","CAJASOL BALONCESTO SEVILLA FEMENINO",981306,979971
5,"MELILLA CIUDAD DEL DEPORTE LA SALLE","J1",79.28,76.6,78.2,70.64,7.57,42.97,18.6,17.08,23.97,70.58,62,7,11,63.64,20,36,55.56,5,28,17.86,18,15,15,19,7,0,8,32,40,"W","MCR LIMA-HORTA BARCELONA",981206,979770
5,"MELILLA CIUDAD DEL DEPORTE LA SALLE","J2",73.58,72.3,99.21,84.26,14.95,46.83,35,20.14,24.46,81.69,73,14,19,73.68,10,31,32.26,13,32,40.62,22,18,18,18,9,0,14,29,43,"W","SERNOVA RENOVABLES REAL CANOE",981288,979770
5,"MELILLA CIUDAD DEL DEPORTE LA SALLE","J3",71.12,70.8,89.99,61.87,28.12,48.18,17.86,15.24,25.31,81.3,64,11,13,84.62,16,33,48.48,7,22,31.82,14,19,12,18,8,0,5,32,37,"W","FUSTECMA NBF CASTELLÓ",979988,979770
5,"MELILLA CIUDAD DEL DEPORTE LA SALLE","J4",67.46,64.3,103.77,77.08,26.68,42.86,35.14,21.25,19.27,87.5,70,22,25,88,15,35,42.86,6,21,28.57,22,20,17,13,7,0,13,32,45,"W","OSES CONSTRUCCION",979971,979770
5,"MELILLA CIUDAD DEL DEPORTE LA SALLE","J5",68.98,73.8,101.48,110.18,-8.7,47.62,22.58,14.31,23.2,83.49,70,10,11,90.91,15,36,41.67,10,27,37.04,24,19,12,16,3,0,7,32,39,"L","CELTA  FEMXA ZORKA",981492,979770
5,"MELILLA CIUDAD DEL DEPORTE LA SALLE","J6",76.8,72.8,88.54,97.66,-9.11,45.97,12.2,22.28,13.02,84.16,68,11,20,55,15,37,40.54,9,25,36,21,20,18,10,6,1,5,26,31,"L","LA LAGUNA TOYOTA  ADAREVA",979952,979770
5,"MELILLA CIUDAD DEL DEPORTE LA SALLE","J7",69.6,70.5,114.94,86.21,28.74,51.54,25.71,24.25,14.37,96.99,80,13,17,76.47,20,34,58.82,9,31,29.03,18,19,20,10,10,0,9,23,32,"W","LA CORDÁ DE PATERNA NB",981346,979770
5,"MELILLA CIUDAD DEL DEPORTE LA SALLE","J8",74.52,72,100.64,83.2,17.44,60,29.03,17.85,29.52,89.24,75,9,16,56.25,12,27,44.44,14,28,50,23,14,15,22,8,0,9,35,44,"W","DOMUSA TEKNIK ISB",979912,979770
5,"MELILLA CIUDAD DEL DEPORTE LA SALLE","J9",74.94,74.1,102.75,70.72,32.03,51.52,44.12,28.21,26.69,83.55,77,9,14,64.29,16,37,43.24,12,29,41.38,16,19,26,20,11,0,15,26,41,"W","C.B. SANTFELIUENC",981242,979770
5,"MELILLA CIUDAD DEL DEPORTE LA SALLE","J10",75.2,75.3,90.43,86.44,3.99,41.41,21.62,13.88,19.95,78.63,68,15,17,88.24,16,41,39.02,7,23,30.43,21,21,12,15,7,0,8,24,32,"W","BOSONIT UNIBASKET",981356,979770
5,"MELILLA CIUDAD DEL DEPORTE LA SALLE","J11",70.24,69.5,112.47,118.17,-5.69,53.45,24.14,20.16,18.51,99.55,79,17,19,89.47,16,31,51.61,10,27,37.04,20,21,16,13,6,0,7,16,23,"L","UNICAJA MIJAS",981334,979770
5,"MELILLA CIUDAD DEL DEPORTE LA SALLE","J12",69.46,66.9,129.57,92.14,37.43,56.06,54.55,21.67,17.28,102.65,90,16,22,72.73,22,37,59.46,10,29,34.48,20,20,19,12,11,0,18,23,41,"W","CAJASOL BALONCESTO SEVILLA FEMENINO",981306,979770
5,"MELILLA CIUDAD DEL DEPORTE LA SALLE","J13",77.52,72.9,77.4,104.49,-27.09,38.71,26.83,11.5,21.93,69.03,60,12,18,66.67,18,37,48.65,4,25,16,22,19,10,17,14,0,11,15,26,"L","AZULMARINO MALLORCA PALMA",981213,979770
5,"MELILLA CIUDAD DEL DEPORTE LA SALLE","J14",71.02,69.5,78.85,101.38,-22.53,37.5,36.11,11.72,29.57,65.6,56,14,19,73.68,15,35,42.86,4,21,19.05,21,22,10,21,5,0,13,25,38,"L","RECOLETAS ZAMORA",979919,979770
5,"MELILLA CIUDAD DEL DEPORTE LA SALLE","J15",74.6,72.1,92.49,76.41,16.09,42.5,17.95,17.05,16.09,84.02,69,18,23,78.26,15,40,37.5,7,20,35,25,19,14,12,7,0,7,35,42,"W","ALTER ENERSUN AL-QÁZERES EXTREMADURA",981208,979770
6,"RECOLETAS ZAMORA","J1",69.64,66.5,97.65,80.41,17.23,42.31,24.24,10.35,18.67,87.95,68,24,28,85.71,16,38,42.11,4,14,28.57,20,22,8,13,8,0,8,24,32,"W","FUSTECMA NBF CASTELLÓ",979988,979919
6,"RECOLETAS ZAMORA","J2",76.08,76.9,93.32,103.84,-10.52,45,14.29,10.57,19.72,83.41,71,17,23,73.91,18,32,56.25,6,28,21.43,21,21,9,15,6,0,5,26,31,"L","OSES CONSTRUCCION",979971,979919
6,"RECOLETAS ZAMORA","J3",73.68,72.7,105.86,107.22,-1.36,51.82,33.33,7.08,23.07,92.02,78,21,29,72.41,18,38,47.37,7,17,41.18,22,26,6,17,10,0,9,23,32,"L","CELTA  FEMXA ZORKA",981492,979919
6,"RECOLETAS ZAMORA","J4",77.8,74,84.83,92.54,-7.71,37.7,10.53,11.09,12.85,81.36,66,20,23,86.96,20,42,47.62,2,19,10.53,24,20,9,10,11,0,4,20,24,"L","VEGA LAGUNERA TOYOTA  ADAREVA TENERIFE",979952,979919
6,"RECOLETAS ZAMORA","J5",80.46,78.8,98.19,75.81,22.37,41.43,28.89,19.98,13.67,83.09,79,21,32,65.62,20,48,41.67,6,22,27.27,16,24,19,11,18,0,13,24,37,"W","LA CORDÁ DE PATERNA NB",981346,979919
6,"RECOLETAS ZAMORA","J6",73.94,73,71.68,63.57,8.11,35.83,15.79,7.31,20.29,64.6,53,10,16,62.5,14,32,43.75,5,28,17.86,18,19,6,15,12,0,6,22,28,"W","DOMUSA TEKNIK ISB",979912,979919
6,"RECOLETAS ZAMORA","J7",72.86,71.2,96.07,87.84,8.23,42.37,14.71,15.17,13.72,88.47,70,20,23,86.96,19,46,41.3,4,13,30.77,15,18,12,10,9,0,5,22,27,"W","C.B. SANTFELIUENC",981242,979919
6,"RECOLETAS ZAMORA","J8",75.62,71.8,84.63,80.67,3.97,39.42,22.58,11.01,22.48,78.28,64,23,29,79.31,13,32,40.62,5,20,25,22,25,9,17,6,0,7,28,35,"W","BOSONIT UNIBASKET",981356,979919
6,"RECOLETAS ZAMORA","J9",69.05,79.3,98.48,110.07,-11.59,36.43,25.58,18.17,18.83,72.68,68,17,24,70.83,21,45,46.67,3,25,12,24,22,17,13,6,0,11,20,31,"L","UNICAJA MIJAS",981334,979919
6,"RECOLETAS ZAMORA","J10",78.74,74.8,120.65,78.74,41.91,67.54,18.52,21.72,17.78,114.62,95,18,27,66.67,22,34,64.71,11,23,47.83,20,21,18,14,17,0,5,23,28,"W","CAJASOL BALONCESTO SEVILLA FEMENINO",981306,979919
6,"RECOLETAS ZAMORA","J11",74.88,77.5,85.47,96.15,-10.68,38.89,18.18,13.84,18.7,73.83,64,15,22,68.18,14,43,32.56,7,20,35,26,20,12,14,7,0,6,19,25,"L","AZULMARINO MALLORCA PALMA",981213,979919
6,"RECOLETAS ZAMORA","J12",77.1,74.3,106.36,71.34,35.02,53.45,31.03,11.57,22.05,94.86,82,20,26,76.92,22,44,50,6,14,42.86,22,22,10,17,11,0,9,24,33,"W","MCR LIMA-HORTA BARCELONA",981206,979919
6,"RECOLETAS ZAMORA","J13",70.28,70.3,75.41,81.1,-5.69,36.89,35.14,12.75,28.46,61.43,53,8,12,66.67,15,38,39.47,5,23,21.74,18,13,11,20,8,0,13,28,41,"L","ALTER ENERSUN AL-QÁZERES EXTREMADURA",981208,979919
6,"RECOLETAS ZAMORA","J14",71.02,68.8,101.38,78.85,22.53,47.27,17.65,19.31,18.3,92.69,72,20,22,90.91,11,28,39.29,10,27,37.04,22,21,15,13,10,0,6,20,26,"W","MELILLA CIUDAD DEL DEPORTE LA SALLE",979770,979919
6,"RECOLETAS ZAMORA","J15",66.98,65.4,95.55,92.56,2.99,44.92,26.67,13.13,16.42,84.03,64,11,14,78.57,19,36,52.78,5,23,21.74,19,14,10,11,9,0,8,21,29,"W","SERNOVA RENOVABLES REAL CANOE",981288,979919
7,"ALTER ENERSUN AL-QÁZERES EXTREMADURA","J1",74.22,70,101.05,88.92,12.13,54.84,20,21.53,17.52,94.98,75,7,9,77.78,22,40,55,8,22,36.36,20,14,17,13,11,0,6,23,29,"W","SERNOVA RENOVABLES REAL CANOE",981288,981208
7,"ALTER ENERSUN AL-QÁZERES EXTREMADURA","J2",74.84,74.3,96.21,89.52,6.68,49.09,13.79,22.1,20.04,88.41,72,18,26,69.23,15,28,53.57,8,27,29.63,17,24,18,15,12,0,4,24,28,"W","FUSTECMA NBF CASTELLÓ",979988,981208
7,"ALTER ENERSUN AL-QÁZERES EXTREMADURA","J3",69.66,68.9,76.08,122.02,-45.94,35.38,48.84,15.1,31.58,57.16,53,7,13,53.85,17,44,38.64,4,21,19.05,14,17,14,22,6,0,21,19,40,"L","OSES CONSTRUCCION",979971,981208
7,"ALTER ENERSUN AL-QÁZERES EXTREMADURA","J4",75.58,72.5,76.74,88.65,-11.91,31.88,21.62,13.18,9.26,69.48,58,14,17,82.35,16,44,36.36,4,25,16,20,22,11,7,5,0,8,25,33,"L","CELTA  FEMXA ZORKA",981492,981208
7,"ALTER ENERSUN AL-QÁZERES EXTREMADURA","J5",68.88,67.7,110.34,91.46,18.87,50.86,27.59,16.56,18.87,96.84,76,17,17,100,19,35,54.29,7,23,30.43,16,14,13,13,5,0,8,21,29,"W","LA LAGUNA TOYOTA  ADAREVA",979952,981208
7,"ALTER ENERSUN AL-QÁZERES EXTREMADURA","J6",72.6,72.8,103.31,95.04,8.26,47.62,38.24,14.64,23.42,84.46,75,15,20,75,12,29,41.38,12,34,35.29,16,22,13,17,10,0,13,22,35,"W","LA CORDÁ DE PATERNA NB",981346,981208
7,"ALTER ENERSUN AL-QÁZERES EXTREMADURA","J7",74.78,73.8,88.26,100.29,-12.04,44.53,23.68,13.98,22.73,76.89,66,9,11,81.82,18,40,45,7,24,29.17,15,15,12,17,12,0,9,20,29,"L","DOMUSA TEKNIK ISB",979912,981208
7,"ALTER ENERSUN AL-QÁZERES EXTREMADURA","J8",74.04,70.6,94.54,76.99,17.56,44.92,23.53,18.39,16.21,85.83,70,17,24,70.83,19,37,51.35,5,22,22.73,9,23,15,12,4,0,8,30,38,"W","C.B. SANTFELIUENC",981242,981208
7,"ALTER ENERSUN AL-QÁZERES EXTREMADURA","J9",67.6,67.5,93.2,73.96,19.23,44.64,21.88,23.27,19.23,81.44,63,13,19,68.42,16,40,40,6,16,37.5,15,20,18,13,6,0,7,30,37,"W","BOSONIT UNIBASKET",981356,981208
7,"ALTER ENERSUN AL-QÁZERES EXTREMADURA","J10",69.84,68.4,81.62,98.8,-17.18,35.94,12.5,13.11,10.02,74.72,57,11,12,91.67,11,41,26.83,8,23,34.78,15,15,10,7,8,0,5,17,22,"L","UNICAJA MIJAS",981334,981208
7,"ALTER ENERSUN AL-QÁZERES EXTREMADURA","J11",68.3,75.5,98.09,102.49,-4.39,41.41,34.15,12.95,27.82,72.29,67,14,22,63.64,16,33,48.48,7,31,22.58,21,25,12,19,6,0,14,26,40,"L","CAJASOL BALONCESTO SEVILLA FEMENINO",981306,981208
7,"ALTER ENERSUN AL-QÁZERES EXTREMADURA","J12",74.52,74,69.78,99.3,-29.52,29.84,11.9,9.75,17.44,63.38,52,15,16,93.75,11,38,28.95,5,24,20.83,18,23,8,13,10,0,5,16,21,"L","AZULMARINO MALLORCA PALMA",981213,981208
7,"ALTER ENERSUN AL-QÁZERES EXTREMADURA","J13",70.28,65.5,81.1,75.41,5.69,38.1,27.27,12.46,17.07,71,57,9,12,75,18,43,41.86,4,20,20,14,18,10,12,8,0,12,23,35,"W","RECOLETAS ZAMORA",979919,981208
7,"ALTER ENERSUN AL-QÁZERES EXTREMADURA","J14",80.42,79,70.88,63.42,7.46,35.09,20.45,12.05,27.36,62.42,57,17,28,60.71,11,35,31.43,6,22,27.27,14,22,11,22,10,0,9,32,41,"W","MCR LIMA-HORTA BARCELONA",981206,981208
7,"ALTER ENERSUN AL-QÁZERES EXTREMADURA","J15",74.6,74,76.41,92.49,-16.09,28.07,14.29,8.43,16.09,68.61,57,25,32,78.12,10,35,28.57,4,22,18.18,19,25,7,12,6,0,6,31,37,"L","MELILLA CIUDAD DEL DEPORTE LA SALLE",979770,981208
8,"DOMUSA TEKNIK ISB","J1",76.48,74.6,105.91,87.6,18.31,48.63,33.33,22.9,17,88.31,81,10,13,76.92,28,51,54.9,5,22,22.73,19,17,21,13,15,0,14,20,34,"W","C.B. SANTFELIUENC",981242,979912
8,"DOMUSA TEKNIK ISB","J2",70.12,71.2,95.55,78.44,17.11,40.77,25.58,19.97,14.26,78.71,67,14,23,60.87,16,40,40,7,25,28,24,21,17,10,8,0,11,27,38,"W","BOSONIT UNIBASKET",981356,979912
8,"DOMUSA TEKNIK ISB","J3",74.6,71.9,68.36,79.09,-10.72,30.16,23.26,8.24,18.77,60.06,51,13,18,72.22,16,45,35.56,2,18,11.11,19,20,7,14,12,0,10,27,37,"L","UNICAJA MIJAS",981334,979912
8,"DOMUSA TEKNIK ISB","J4",78.36,77,90.61,100.82,-10.21,37.84,29.17,13.79,14.04,75.34,71,15,21,71.43,16,41,39.02,8,33,24.24,25,24,13,11,12,1,14,21,35,"L","CAJASOL BALONCESTO SEVILLA FEMENINO",981306,979912
8,"DOMUSA TEKNIK ISB","J5",74.2,68,79.51,118.6,-39.08,45.61,17.65,5.21,20.22,76.78,59,7,11,63.64,14,43,32.56,8,14,57.14,24,20,4,15,6,0,6,18,24,"L","AZULMARINO MALLORCA PALMA",981213,979912
8,"DOMUSA TEKNIK ISB","J6",73.94,71.8,63.57,71.68,-8.11,33.05,25.71,5.96,27.05,56.06,47,8,11,72.73,18,42,42.86,1,17,5.88,19,17,5,20,6,0,9,28,37,"L","RECOLETAS ZAMORA",979919,979912
8,"DOMUSA TEKNIK ISB","J7",74.78,73.7,100.29,88.26,12.04,52.5,26.92,19.11,24.07,89.58,75,12,13,92.31,27,50,54,3,10,30,17,15,16,18,7,0,7,28,35,"W","ALTER ENERSUN AL-QÁZERES EXTREMADURA",981208,979912
8,"DOMUSA TEKNIK ISB","J8",74.52,75.8,83.2,100.64,-17.44,37.1,18.6,10.34,18.79,71.26,62,16,25,64,17,47,36.17,4,15,26.67,14,23,9,14,14,0,8,19,27,"L","MELILLA CIUDAD DEL DEPORTE LA SALLE",979770,979912
8,"DOMUSA TEKNIK ISB","J9",71.78,70.2,79.41,57.12,22.29,41.94,22.86,14.8,22.29,70.3,57,5,7,71.43,20,45,44.44,4,17,23.53,16,9,12,16,14,0,8,34,42,"W","SERNOVA RENOVABLES REAL CANOE",981288,979912
8,"DOMUSA TEKNIK ISB","J10",78.44,73.5,67.57,89.24,-21.67,33.06,21.74,11.55,17.85,61.23,53,12,24,50,16,49,32.65,3,13,23.08,24,22,10,14,11,0,10,26,36,"L","FUSTECMA NBF CASTELLÓ",979988,979912
8,"DOMUSA TEKNIK ISB","J11",70.74,67.9,73.51,84.82,-11.31,32.03,26.53,7.17,14.14,62.14,52,11,22,50,16,44,36.36,3,20,15,19,18,6,10,6,0,13,30,43,"L","OSES CONSTRUCCION",979971,979912
8,"DOMUSA TEKNIK ISB","J12",74.08,76.3,76.94,99.89,-22.95,34.38,31.58,9.84,27,62.31,57,13,17,76.47,16,43,37.21,4,21,19.05,21,16,9,20,4,0,12,22,34,"L","CELTA  FEMXA ZORKA",981492,979912
8,"DOMUSA TEKNIK ISB","J13",75.02,73.3,119.97,111.97,8,58.96,38.71,22.63,17.33,101.86,90,11,19,57.89,26,47,55.32,9,20,45,20,19,20,13,9,0,12,23,35,"W","LA LAGUNA TOYOTA  ADAREVA",979952,979912
8,"DOMUSA TEKNIK ISB","J14",80.98,77.5,111.14,87.68,23.46,52.54,20,18.45,13.58,103.78,90,28,38,73.68,22,39,56.41,6,20,30,15,25,16,11,17,0,6,27,33,"W","LA CORDÁ DE PATERNA NB",981346,979912
8,"DOMUSA TEKNIK ISB","J15",79.12,78.3,88.47,70.78,17.69,47.73,13.51,19.65,21.49,80.91,70,7,8,87.5,21,43,48.84,7,23,30.43,18,16,17,17,11,0,5,20,25,"W","MCR LIMA-HORTA BARCELONA",981206,979912
9,"VEGA LAGUNERA TOYOTA  ADAREVA TENERIFE","J1",68.88,64.6,91.46,110.34,-18.87,43.55,32.43,17.66,17.42,79.47,63,9,12,75,21,41,51.22,4,21,19.05,14,16,14,12,6,0,12,21,33,"L","ALTER ENERSUN AL-QÁZERES EXTREMADURA",981208,979952
9,"VEGA LAGUNERA TOYOTA  ADAREVA TENERIFE","J2",76.8,75.6,97.66,88.54,9.11,50,10.34,23.23,16.93,91.69,75,15,20,75,15,34,44.12,10,26,38.46,20,20,19,13,3,1,3,34,37,"W","MELILLA CIUDAD DEL DEPORTE LA SALLE",979770,979952
9,"VEGA LAGUNERA TOYOTA  ADAREVA TENERIFE","J3",68.6,68,81.63,78.72,2.92,38.1,25,16.08,18.95,69.27,56,8,11,72.73,15,39,38.46,6,24,25,15,13,13,13,4,0,10,23,33,"W","SERNOVA RENOVABLES REAL CANOE",981288,979952
9,"VEGA LAGUNERA TOYOTA  ADAREVA TENERIFE","J4",71.84,71.3,82.13,65.42,16.7,36.84,23.53,17.01,18.1,71.67,59,17,28,60.71,12,38,31.58,6,19,31.58,16,29,14,13,7,0,8,30,38,"W","FUSTECMA NBF CASTELLÓ",979988,979952
9,"VEGA LAGUNERA TOYOTA  ADAREVA TENERIFE","J5",68.5,66.5,97.81,100.73,-2.92,55.77,22.22,14.61,26.28,89,67,9,12,75,20,38,52.63,6,14,42.86,17,14,11,18,6,0,6,25,31,"L","OSES CONSTRUCCION",979971,979952
9,"VEGA LAGUNERA TOYOTA  ADAREVA TENERIFE","J6",64.02,61.6,64.04,95.28,-31.24,34.91,28.57,13.48,29.68,55.26,41,4,5,80,8,26,30.77,7,27,25.93,13,15,10,19,7,0,10,20,30,"L","CELTA  FEMXA ZORKA",981492,979952
9,"VEGA LAGUNERA TOYOTA  ADAREVA TENERIFE","J7",71.98,71.4,97.25,101.42,-4.17,50,20,22.4,23.62,87.11,70,15,19,78.95,17,34,50,7,21,33.33,18,20,18,17,8,0,6,23,29,"L","MCR LIMA-HORTA BARCELONA",981206,979952
9,"VEGA LAGUNERA TOYOTA  ADAREVA TENERIFE","J8",69.08,73.2,101.33,110.01,-8.69,48.36,8.11,18.92,18.82,88.29,70,11,12,91.67,16,36,44.44,9,25,36,20,22,15,13,8,0,3,18,21,"L","LA CORDÁ DE PATERNA NB",981346,979952
9,"VEGA LAGUNERA TOYOTA  ADAREVA TENERIFE","J9",75.02,75.5,111.97,119.97,-8,54.17,25,18.67,21.33,98.04,84,19,22,86.36,16,33,48.48,11,27,40.74,20,20,16,16,6,0,7,21,28,"L","DOMUSA TEKNIK ISB",979912,979952
9,"VEGA LAGUNERA TOYOTA  ADAREVA TENERIFE","J10",74.22,75.9,103.75,70.06,33.68,50.82,20,22.34,22.9,90.55,77,15,16,93.75,22,43,51.16,6,18,33.33,11,17,19,17,4,0,6,39,45,"W","C.B. SANTFELIUENC",981242,979952
9,"VEGA LAGUNERA TOYOTA  ADAREVA TENERIFE","J11",72.62,70.4,79.87,89.51,-9.64,39.62,16.22,20.16,24.79,73.08,58,16,19,84.21,9,22,40.91,8,31,25.81,24,21,16,18,7,0,6,24,30,"L","BOSONIT UNIBASKET",981356,979952
9,"VEGA LAGUNERA TOYOTA  ADAREVA TENERIFE","J12",68.66,67.2,96.13,97.58,-1.46,42.62,32.35,12.34,18.93,81.44,66,14,16,87.5,17,39,43.59,6,22,27.27,19,21,10,13,5,0,11,24,35,"L","UNICAJA MIJAS",981334,979952
9,"VEGA LAGUNERA TOYOTA  ADAREVA TENERIFE","J13",73.52,74.7,118.34,104.73,13.6,59.48,22.73,21.74,21.76,105.07,87,18,20,90,18,37,48.65,11,21,52.38,18,24,18,16,5,0,5,27,32,"W","CAJASOL BALONCESTO SEVILLA FEMENINO",981306,979952
9,"VEGA LAGUNERA TOYOTA  ADAREVA TENERIFE","J14",73.02,70.5,73.95,76.69,-2.74,33.05,11.9,12.74,16.43,68.81,54,15,17,88.24,9,34,26.47,7,25,28,22,18,10,12,8,0,5,30,35,"L","AZULMARINO MALLORCA PALMA",981213,979952
9,"VEGA LAGUNERA TOYOTA  ADAREVA TENERIFE","J15",77.8,76.3,92.54,84.83,7.71,50,19.23,15.39,25.71,85.23,72,15,17,88.24,18,38,47.37,7,19,36.84,20,24,13,20,5,0,5,27,32,"W","RECOLETAS ZAMORA",979919,979952
10,"BOSONIT UNIBASKET","J1",73.7,72.5,97.69,85.48,12.21,46.21,24.39,26.91,16.28,84.23,72,11,17,64.71,23,48,47.92,5,18,27.78,21,21,23,12,10,0,10,29,39,"W","LA CORDÁ DE PATERNA NB",981346,981356
10,"BOSONIT UNIBASKET","J2",70.12,69.2,78.44,95.55,-17.11,33.87,31.11,8.13,19.97,63.86,55,13,23,56.52,15,41,36.59,4,21,19.05,21,23,7,14,6,0,14,29,43,"L","DOMUSA TEKNIK ISB",979912,981356
10,"BOSONIT UNIBASKET","J3",70.02,72.1,79.98,91.4,-11.43,30.65,22.22,9.4,18.57,65.79,56,18,23,78.26,10,38,26.32,6,24,25,18,22,8,13,5,0,10,31,41,"L","C.B. SANTFELIUENC",981242,981356
10,"BOSONIT UNIBASKET","J4",67.42,65.6,94.93,66.75,28.18,47.27,26.47,6.46,20.77,82.73,64,12,19,63.16,11,29,37.93,10,26,38.46,20,18,5,14,9,0,9,24,33,"W","MCR LIMA-HORTA BARCELONA",981206,981356
10,"BOSONIT UNIBASKET","J5",66.54,66.2,115.72,73.64,42.08,51.67,15.15,16.23,9.02,104.17,77,15,18,83.33,13,35,37.14,12,25,48,18,21,12,6,9,0,5,23,28,"W","UNICAJA MIJAS",981334,981356
10,"BOSONIT UNIBASKET","J6",73.51,79.4,96.58,89.78,6.8,33.33,23.91,9.6,10.88,75.76,71,25,38,65.79,14,46,30.43,6,23,26.09,19,26,9,8,13,1,11,27,38,"W","CAJASOL BALONCESTO SEVILLA FEMENINO",981306,981356
10,"BOSONIT UNIBASKET","J7",66.58,67.4,75.1,145.69,-70.59,33.08,22.92,13.55,15.02,61.61,50,7,14,50,14,44,31.82,5,21,23.81,24,19,11,10,8,1,11,15,26,"L","AZULMARINO MALLORCA PALMA",981213,981356
10,"BOSONIT UNIBASKET","J8",75.62,73.4,80.67,84.63,-3.97,39.71,27.91,13.56,17.19,68.94,61,7,17,41.18,18,44,40.91,6,24,25,25,22,12,13,9,0,12,21,33,"L","RECOLETAS ZAMORA",979919,981356
10,"BOSONIT UNIBASKET","J9",67.6,67,73.96,93.2,-19.23,33.85,22.22,17.54,14.79,62.63,50,6,11,54.55,13,40,32.5,6,25,24,21,15,14,10,7,0,10,25,35,"L","ALTER ENERSUN AL-QÁZERES EXTREMADURA",981208,981356
10,"BOSONIT UNIBASKET","J10",75.2,70,86.44,90.43,-3.99,50.96,12.9,15.6,22.61,84.5,65,12,18,66.67,13,28,46.43,9,24,37.5,21,21,12,17,5,0,4,28,32,"L","MELILLA CIUDAD DEL DEPORTE LA SALLE",979770,981356
10,"BOSONIT UNIBASKET","J11",72.32,70.7,89.88,77.43,12.44,36.62,36.36,22.32,16.59,72.54,65,13,15,86.67,14,46,30.43,8,25,32,14,11,20,12,8,0,16,27,43,"W","SERNOVA RENOVABLES REAL CANOE",981288,981356
10,"BOSONIT UNIBASKET","J12",70.6,70,79.32,111.9,-32.58,45.61,36.36,11.77,33.99,65.91,56,4,9,44.44,20,42,47.62,4,15,26.67,16,15,10,24,3,0,12,23,35,"L","FUSTECMA NBF CASTELLÓ",979988,981356
10,"BOSONIT UNIBASKET","J13",74.8,73.3,92.25,97.59,-5.35,44.62,29.27,14.71,20.05,78.09,69,11,19,57.89,20,42,47.62,6,23,26.09,23,17,13,15,9,0,12,25,37,"L","OSES CONSTRUCCION",979971,981356
10,"BOSONIT UNIBASKET","J14",75.02,71.8,81.31,102.64,-21.33,52.94,10.71,24.41,29.33,78.37,61,7,11,63.64,9,24,37.5,12,27,44.44,23,14,19,22,10,0,3,22,25,"L","CELTA  FEMXA ZORKA",981492,981356
10,"BOSONIT UNIBASKET","J15",72.62,71.9,89.51,79.87,9.64,37.9,27.91,16.11,17.9,74.82,65,18,27,66.67,13,36,36.11,7,26,26.92,21,24,14,13,11,0,12,28,40,"W","LA LAGUNA TOYOTA  ADAREVA",979952,981356
11,"FUSTECMA NBF CASTELLÓ","J1",69.64,70,80.41,97.65,-17.23,36.11,44.68,3.19,25.85,59.6,56,4,9,44.44,17,39,43.59,6,33,18.18,22,20,3,18,8,0,21,22,43,"L","RECOLETAS ZAMORA",979919,979988
11,"FUSTECMA NBF CASTELLÓ","J2",74.84,74.2,89.52,96.21,-6.68,46.61,26.32,13.76,25.39,76.8,67,12,21,57.14,17,32,53.12,7,27,25.93,24,17,12,19,7,1,10,26,36,"L","ALTER ENERSUN AL-QÁZERES EXTREMADURA",981208,979988
11,"FUSTECMA NBF CASTELLÓ","J3",71.12,72.5,61.87,89.99,-28.12,31.97,10.81,12.58,21.09,55.33,44,5,8,62.5,9,37,24.32,7,24,29.17,19,14,10,15,13,0,4,21,25,"L","MELILLA CIUDAD DEL DEPORTE LA SALLE",979770,979988
11,"FUSTECMA NBF CASTELLÓ","J4",75.32,73,73.02,75.68,-2.66,32.14,36.96,13.97,21.24,59.11,55,10,16,62.5,15,42,35.71,5,28,17.86,17,17,13,16,12,0,17,24,41,"L","SERNOVA RENOVABLES REAL CANOE",981288,979988
11,"FUSTECMA NBF CASTELLÓ","J5",73.96,68,73.01,87.89,-14.87,34.91,21.95,6.26,20.28,67.6,54,17,27,62.96,14,36,38.89,3,17,17.65,18,20,5,15,18,0,9,13,22,"L","MCR LIMA-HORTA BARCELONA",981206,979988
11,"FUSTECMA NBF CASTELLÓ","J6",67.04,66.3,90.99,93.97,-2.98,40.62,30.95,19.5,16.41,74.35,61,9,16,56.25,14,37,37.84,8,27,29.63,18,18,16,11,7,0,13,14,27,"L","OSES CONSTRUCCION",979971,979988
11,"FUSTECMA NBF CASTELLÓ","J7",67.02,63.6,67.14,91.02,-23.87,35.09,30.56,12.94,22.38,58.23,45,5,12,41.67,14,33,42.42,4,24,16.67,20,17,10,15,5,0,11,23,34,"L","CELTA  FEMXA ZORKA",981492,979988
11,"FUSTECMA NBF CASTELLÓ","J8",71.84,74.3,65.42,82.13,-16.7,32.76,17.95,11.85,25.06,55.71,47,9,19,47.37,13,39,33.33,4,19,21.05,30,15,10,18,8,0,7,27,34,"L","LA LAGUNA TOYOTA  ADAREVA",979952,979988
11,"FUSTECMA NBF CASTELLÓ","J9",76.88,75,93.65,68.94,24.71,48.41,35,20.63,24.71,78.16,72,11,23,47.83,23,45,51.11,5,18,27.78,27,23,19,19,12,0,14,25,39,"W","LA CORDÁ DE PATERNA NB",981346,979988
11,"FUSTECMA NBF CASTELLÓ","J10",78.44,76.1,89.24,67.57,21.67,45,29.27,19.71,24.22,76.65,70,16,28,57.14,12,30,40,10,30,33.33,22,24,18,19,9,0,12,32,44,"W","DOMUSA TEKNIK ISB",979912,979988
11,"FUSTECMA NBF CASTELLÓ","J11",85.24,83.3,87.99,70.39,17.6,42.74,25,17.94,23.46,79.15,75,22,29,75.86,25,49,51.02,1,13,7.69,16,24,17,20,13,0,8,33,41,"W","C.B. SANTFELIUENC",981242,979988
11,"FUSTECMA NBF CASTELLÓ","J12",70.6,68.4,111.9,79.32,32.58,50,38.1,18.34,17,90.55,79,13,21,61.9,18,43,41.86,10,23,43.48,15,16,16,12,16,0,16,20,36,"W","BOSONIT UNIBASKET",981356,979988
11,"FUSTECMA NBF CASTELLÓ","J13",75.96,71.7,90.84,101.37,-10.53,49.12,30,7.17,22.38,82.46,69,13,22,59.09,22,43,51.16,4,14,28.57,20,21,6,17,10,0,9,17,26,"L","UNICAJA MIJAS",981334,979988
11,"FUSTECMA NBF CASTELLÓ","J14",73.96,73,71.66,64.9,6.76,30.33,22,19.52,16.22,60.86,53,16,32,50,14,42,33.33,3,19,15.79,19,28,17,12,16,0,11,20,31,"W","CAJASOL BALONCESTO SEVILLA FEMENINO",981306,979988
11,"FUSTECMA NBF CASTELLÓ","J15",76.82,75.8,70.29,101.54,-31.24,35.71,26.83,13.35,24.73,60.05,54,9,18,50,18,46,39.13,3,17,17.65,18,17,12,19,10,0,11,23,34,"L","AZULMARINO MALLORCA PALMA",981213,979988
12,"LA CORDÁ DE PATERNA NB","J1",73.7,70,85.48,97.69,-12.21,43.33,26.19,16.68,21.71,75.07,63,11,18,61.11,11,27,40.74,10,33,30.3,21,21,14,16,9,0,11,26,37,"L","BOSONIT UNIBASKET",981356,981346
12,"LA CORDÁ DE PATERNA NB","J2",75.16,78,102.45,123.74,-21.29,46.03,28.57,17.54,19.96,84.43,77,19,30,63.33,23,41,56.1,4,22,18.18,21,24,16,15,4,0,10,18,28,"L","UNICAJA MIJAS",981334,981346
12,"LA CORDÁ DE PATERNA NB","J3",75.04,73.5,114.61,91.95,22.65,55.65,32.35,15.99,19.99,98.22,86,17,24,70.83,21,37,56.76,9,25,36,27,27,14,15,8,0,11,28,39,"W","CAJASOL BALONCESTO SEVILLA FEMENINO",981306,981346
12,"LA CORDÁ DE PATERNA NB","J4",76,70.2,60.53,115.79,-55.26,33.05,34.09,11.34,30.26,52.18,46,7,14,50,6,31,19.35,9,28,32.14,27,19,10,23,8,0,15,17,32,"L","AZULMARINO MALLORCA PALMA",981213,981346
12,"LA CORDÁ DE PATERNA NB","J5",80.46,78.6,75.81,98.19,-22.37,46.43,15.15,13.82,32.31,70.24,61,9,11,81.82,14,31,45.16,8,25,32,26,16,12,26,5,0,5,31,36,"L","RECOLETAS ZAMORA",979919,981346
12,"LA CORDÁ DE PATERNA NB","J6",72.6,72.4,95.04,103.31,-8.26,47.62,26.47,10.66,23.42,81.75,69,9,10,90,18,41,43.9,8,22,36.36,22,16,9,17,12,0,9,22,31,"L","ALTER ENERSUN AL-QÁZERES EXTREMADURA",981208,981346
12,"LA CORDÁ DE PATERNA NB","J7",69.6,67.9,86.21,114.94,-28.74,43.33,32.43,19.34,24.43,72.53,60,8,13,61.54,11,29,37.93,10,31,32.26,19,18,16,17,6,1,12,25,37,"L","MELILLA CIUDAD DEL DEPORTE LA SALLE",979770,981346
12,"LA CORDÁ DE PATERNA NB","J8",69.06,70.1,107.15,75.3,31.86,49.19,28.12,19.5,18.82,90.2,74,13,16,81.25,20,36,55.56,7,26,26.92,26,18,16,13,5,0,9,35,44,"W","SERNOVA RENOVABLES REAL CANOE",981288,981346
12,"LA CORDÁ DE PATERNA NB","J9",76.88,73.6,68.94,93.65,-24.71,26.79,31.82,6.62,27.32,58.47,53,23,31,74.19,9,27,33.33,4,29,13.79,24,27,6,21,12,0,14,21,35,"L","FUSTECMA NBF CASTELLÓ",979988,981346
12,"LA CORDÁ DE PATERNA NB","J10",73.22,67.9,66.92,84.68,-17.75,33.33,34.04,10.38,24.58,56.5,49,7,13,53.85,12,36,33.33,6,27,22.22,18,14,9,18,12,0,16,27,43,"L","OSES CONSTRUCCION",979971,981346
12,"LA CORDÁ DE PATERNA NB","J11",68.58,66.8,87.49,102.07,-14.58,42.5,28.21,16.13,20.41,74.44,60,9,15,60,12,33,36.36,9,27,33.33,23,14,13,14,9,0,11,21,32,"L","CELTA  FEMXA ZORKA",981492,981346
12,"LA CORDÁ DE PATERNA NB","J12",69.08,75,110.01,101.33,8.69,49.25,33.33,12.07,26.06,83.37,76,10,14,71.43,24,46,52.17,6,21,28.57,22,20,11,18,7,0,13,32,45,"W","LA LAGUNA TOYOTA  ADAREVA",979952,981346
12,"LA CORDÁ DE PATERNA NB","J13",76.02,78.5,81.56,73.66,7.89,36.62,33.33,12.27,23.68,63.39,62,10,20,50,14,39,35.9,8,32,25,21,17,12,18,12,2,16,29,45,"W","MCR LIMA-HORTA BARCELONA",981206,981346
12,"LA CORDÁ DE PATERNA NB","J14",80.98,79.9,87.68,111.14,-23.46,40.15,35.71,14.25,28.4,72.27,71,18,21,85.71,10,31,32.26,11,35,31.43,26,13,14,23,6,0,15,22,37,"L","DOMUSA TEKNIK ISB",979912,981346
12,"LA CORDÁ DE PATERNA NB","J15",74.46,72.6,98.04,84.61,13.43,52.42,20,20.58,18.8,88.38,73,8,15,53.33,16,34,47.06,11,28,39.29,24,16,17,14,5,0,7,30,37,"W","C.B. SANTFELIUENC",981242,981346
13,"MCR LIMA-HORTA BARCELONA","J1",79.28,74.6,70.64,78.2,-7.57,35.21,28.57,17.44,18.92,61.06,56,6,13,46.15,16,46,34.78,6,25,24,15,18,16,15,9,0,14,28,42,"L","MELILLA CIUDAD DEL DEPORTE LA SALLE",979770,981206
13,"MCR LIMA-HORTA BARCELONA","J2",68.82,65.9,91.54,82.82,8.72,38.14,39.53,15.18,18.89,73.56,63,18,31,58.06,15,39,38.46,5,20,25,24,22,13,13,10,0,17,23,40,"W","C.B. SANTFELIUENC",981242,981206
13,"MCR LIMA-HORTA BARCELONA","J3",71.52,64.1,96.48,89.49,6.99,55.45,35.48,23.14,19.57,88.69,69,8,20,40,23,38,60.53,5,17,29.41,19,17,18,14,7,0,11,27,38,"W","SERNOVA RENOVABLES REAL CANOE",981288,981206
13,"MCR LIMA-HORTA BARCELONA","J4",67.42,65.7,66.75,94.93,-28.18,30.77,22.58,2.65,23.73,59.62,45,13,17,76.47,10,27,37.04,4,25,16,18,20,2,16,7,0,7,21,28,"L","BOSONIT UNIBASKET",981356,981206
13,"MCR LIMA-HORTA BARCELONA","J5",73.96,72,87.89,73.01,14.87,52.88,36,15.47,33.8,77.34,65,10,16,62.5,20,40,50,5,12,41.67,20,18,13,25,6,1,9,31,40,"W","FUSTECMA NBF CASTELLÓ",979988,981206
13,"MCR LIMA-HORTA BARCELONA","J6",77.56,74.7,60.6,116.04,-55.44,39.62,14.71,10.86,32.23,56.74,47,5,11,45.45,18,41,43.9,2,12,16.67,14,17,9,25,8,0,5,22,27,"L","UNICAJA MIJAS",981334,981206
13,"MCR LIMA-HORTA BARCELONA","J7",71.04,70,78.83,130.91,-52.08,37.69,25,13.42,18.3,68.33,56,7,9,77.78,14,37,37.84,7,28,25,20,15,11,13,3,0,9,19,28,"L","OSES CONSTRUCCION",979971,981206
13,"MCR LIMA-HORTA BARCELONA","J8",77.5,74.5,107.1,99.35,7.74,56.67,32.35,19.2,23.23,93.72,83,15,24,62.5,16,31,51.61,12,29,41.38,24,26,17,18,10,0,11,25,36,"W","CAJASOL BALONCESTO SEVILLA FEMENINO",981306,981206
13,"MCR LIMA-HORTA BARCELONA","J9",81.82,78.3,85.55,103.89,-18.33,45.45,31.71,14.8,26.89,74,70,10,15,66.67,15,34,44.12,10,32,31.25,17,18,14,22,11,0,13,22,35,"L","CELTA  FEMXA ZORKA",981492,981206
13,"MCR LIMA-HORTA BARCELONA","J10",77.18,74.3,89.4,129.57,-40.17,46.09,25.71,20.84,18.14,79.9,69,10,19,52.63,22,45,48.89,5,19,26.32,21,20,18,14,9,0,9,16,25,"L","AZULMARINO MALLORCA PALMA",981213,981206
13,"MCR LIMA-HORTA BARCELONA","J11",71.98,72.6,101.42,97.25,4.17,54.31,28.57,21.53,26.4,87.32,73,10,15,66.67,15,33,45.45,11,25,44,20,18,18,19,7,0,8,22,30,"W","LA LAGUNA TOYOTA  ADAREVA",979952,981206
13,"MCR LIMA-HORTA BARCELONA","J12",77.1,70.8,71.34,106.36,-35.02,39.36,19.35,7.52,25.94,68.96,55,18,29,62.07,11,27,40.74,5,20,25,22,22,6,20,8,0,6,19,25,"L","RECOLETAS ZAMORA",979919,981206
13,"MCR LIMA-HORTA BARCELONA","J13",76.02,70.3,73.66,81.56,-7.89,36.44,25.64,18.02,19.73,67.28,56,13,21,61.9,14,43,32.56,5,16,31.25,17,20,15,15,9,0,10,27,37,"L","LA CORDÁ DE PATERNA NB",981346,981206
13,"MCR LIMA-HORTA BARCELONA","J14",80.42,79.2,63.42,70.88,-7.46,35.38,17.95,15.64,26.11,56.97,51,5,8,62.5,17,40,42.5,4,25,16,23,14,14,21,10,0,7,34,41,"L","ALTER ENERSUN AL-QÁZERES EXTREMADURA",981208,981206
13,"MCR LIMA-HORTA BARCELONA","J15",79.12,74.6,70.78,88.47,-17.69,36.72,37.5,6.69,25.28,62.42,56,9,13,69.23,19,40,47.5,3,24,12.5,16,18,6,20,9,0,12,32,44,"L","DOMUSA TEKNIK ISB",979912,981206
14,"SERNOVA RENOVABLES REAL CANOE","J1",74.22,69.6,88.92,101.05,-12.13,50.98,14.29,19.61,24.25,86.3,66,14,17,82.35,17,26,65.38,6,25,24,14,20,15,18,4,0,4,24,28,"L","ALTER ENERSUN AL-QÁZERES EXTREMADURA",981208,981288
14,"SERNOVA RENOVABLES REAL CANOE","J2",73.58,73.7,84.26,99.21,-14.95,39.52,28.21,14.81,23.1,70.62,62,13,20,65,14,36,38.89,7,26,26.92,18,22,13,17,9,1,11,25,36,"L","MELILLA CIUDAD DEL DEPORTE LA SALLE",979770,981288
14,"SERNOVA RENOVABLES REAL CANOE","J3",71.52,70.3,89.49,96.48,-6.99,43.55,21.05,16,13.98,78.78,64,10,21,47.62,21,45,46.67,4,17,23.53,17,19,13,10,10,0,8,18,26,"L","MCR LIMA-HORTA BARCELONA",981206,981288
14,"SERNOVA RENOVABLES REAL CANOE","J4",75.32,70.7,75.68,73.02,2.66,50,18.18,12.56,31.86,71.61,57,8,15,53.33,14,36,38.89,7,13,53.85,17,17,10,24,7,0,6,26,32,"W","FUSTECMA NBF CASTELLÓ",979988,981288
14,"SERNOVA RENOVABLES REAL CANOE","J5",69.32,66,83.67,96.65,-12.98,44.12,29.63,18.23,24.52,75.52,58,13,20,65,12,29,41.38,7,22,31.82,16,20,14,17,2,0,8,25,33,"L","OSES CONSTRUCCION",979971,981288
14,"SERNOVA RENOVABLES REAL CANOE","J6",80.48,77.1,78.28,103.13,-24.85,50.98,16.67,14.06,32.31,73.81,63,11,19,57.89,14,31,45.16,8,20,40,14,17,12,26,9,0,5,23,28,"L","CELTA  FEMXA ZORKA",981492,981288
14,"SERNOVA RENOVABLES REAL CANOE","J7",68.6,63.7,78.72,81.63,-2.92,35.34,28.95,0,16.03,69.8,54,13,19,68.42,19,44,43.18,1,14,7.14,13,15,0,11,4,0,11,28,39,"L","LA LAGUNA TOYOTA  ADAREVA",979952,981288
14,"SERNOVA RENOVABLES REAL CANOE","J8",69.06,67.3,75.3,107.15,-31.86,31.48,23.26,11.24,17.38,64.94,52,18,32,56.25,14,36,38.89,2,18,11.11,18,26,9,12,4,0,10,18,28,"L","LA CORDÁ DE PATERNA NB",981346,981288
14,"SERNOVA RENOVABLES REAL CANOE","J9",71.78,71.5,57.12,79.41,-22.29,27.19,19.57,4.79,26.47,49.11,41,10,17,58.82,8,31,25.81,5,26,19.23,9,16,4,19,10,0,9,20,29,"L","DOMUSA TEKNIK ISB",979912,981288
14,"SERNOVA RENOVABLES REAL CANOE","J10",76.68,73.5,87.38,66.51,20.87,43.55,24.24,10.64,20.87,79.2,67,13,15,86.67,24,45,53.33,2,17,11.76,12,16,9,16,8,0,8,34,42,"W","C.B. SANTFELIUENC",981242,981288
14,"SERNOVA RENOVABLES REAL CANOE","J11",72.32,69.2,77.43,89.88,-12.44,41.07,18.92,12.65,22.12,70.85,56,10,16,62.5,17,36,47.22,4,20,20,11,14,10,16,7,0,7,23,30,"L","BOSONIT UNIBASKET",981356,981288
14,"SERNOVA RENOVABLES REAL CANOE","J12",70.88,66.3,84.65,94.53,-9.88,44.34,14.71,12.16,19.75,81.04,60,13,16,81.25,19,36,52.78,3,17,17.65,17,20,9,14,8,0,5,21,26,"L","UNICAJA MIJAS",981334,981288
14,"SERNOVA RENOVABLES REAL CANOE","J13",72.1,72,92.93,79.06,13.87,42.97,32.5,12.5,18.03,76.14,67,12,25,48,20,42,47.62,5,22,22.73,14,24,11,13,13,0,13,20,33,"W","CAJASOL BALONCESTO SEVILLA FEMENINO",981306,981288
14,"SERNOVA RENOVABLES REAL CANOE","J14",75.38,74.8,82.25,108.78,-26.53,41.67,6.06,16.27,15.92,77.58,62,12,18,66.67,16,42,38.1,6,18,33.33,13,21,13,12,11,0,2,16,18,"L","AZULMARINO MALLORCA PALMA",981213,981288
14,"SERNOVA RENOVABLES REAL CANOE","J15",66.98,67,92.56,95.55,-2.99,46.23,25.93,7.81,22.39,80.73,62,13,20,65,17,38,44.74,5,15,33.33,14,19,6,15,7,2,7,20,27,"L","RECOLETAS ZAMORA",979919,981288
15,"CAJASOL BALONCESTO SEVILLA FEMENINO","J1",78.78,77.9,77.43,105.36,-27.93,40,24.32,13.32,31.73,67.69,61,17,23,73.91,10,28,35.71,8,27,29.63,23,19,12,25,4,0,9,28,37,"L","CELTA  FEMXA ZORKA",981492,981306
15,"CAJASOL BALONCESTO SEVILLA FEMENINO","J2",73.52,73.2,104.73,118.34,-13.6,49.25,24.32,15.25,12.24,90.33,77,11,21,52.38,21,45,46.67,8,22,36.36,24,18,13,9,11,0,9,18,27,"L","VEGA LAGUNERA TOYOTA  ADAREVA TENERIFE",979952,981306
15,"CAJASOL BALONCESTO SEVILLA FEMENINO","J3",75.04,70.6,91.95,114.61,-22.65,44.34,17.65,18.86,15.99,86.77,69,22,33,66.67,13,36,36.11,7,17,41.18,27,27,15,12,11,0,6,22,28,"L","LA CORDÁ DE PATERNA NB",981346,981306
15,"CAJASOL BALONCESTO SEVILLA FEMENINO","J4",78.36,80.1,100.82,90.61,10.21,40,37.84,11.28,24.25,81.04,79,31,42,73.81,15,39,38.46,6,21,28.57,24,25,11,19,9,0,14,31,45,"W","DOMUSA TEKNIK ISB",979912,981306
15,"CAJASOL BALONCESTO SEVILLA FEMENINO","J5",75.36,71,84.93,76.96,7.96,42.37,18.92,18.52,14.6,79.01,64,14,25,56,22,42,52.38,2,17,11.76,18,21,15,11,8,0,7,31,38,"W","C.B. SANTFELIUENC",981242,981306
15,"CAJASOL BALONCESTO SEVILLA FEMENINO","J6",73.51,81.3,89.78,96.58,-6.8,37.32,36.36,7.95,27.21,65.55,66,13,22,59.09,19,44,43.18,5,27,18.52,26,19,8,20,6,0,16,34,50,"L","BOSONIT UNIBASKET",981356,981306
15,"CAJASOL BALONCESTO SEVILLA FEMENINO","J7",77.96,74.9,75.68,128.27,-52.59,45.45,14.71,20.47,26.94,71.05,59,9,16,56.25,19,40,47.5,4,15,26.67,27,22,17,21,9,0,5,19,24,"L","UNICAJA MIJAS",981334,981306
15,"CAJASOL BALONCESTO SEVILLA FEMENINO","J8",77.5,75.3,99.35,107.1,-7.74,46.77,32.43,22.11,21.94,85.14,77,19,26,73.08,14,39,35.9,10,23,43.48,26,23,20,17,10,0,12,21,33,"L","MCR LIMA-HORTA BARCELONA",981206,981306
15,"CAJASOL BALONCESTO SEVILLA FEMENINO","J9",73.02,74.5,82.17,112.3,-30.13,42.37,20,17.73,26.02,70.92,60,10,15,66.67,19,39,48.72,4,20,20,26,18,15,19,2,1,7,15,22,"L","AZULMARINO MALLORCA PALMA",981213,981306
15,"CAJASOL BALONCESTO SEVILLA FEMENINO","J10",78.74,75.5,78.74,120.65,-41.91,47.27,20.69,11.82,29.21,73.29,62,10,15,66.67,23,42,54.76,2,13,15.38,21,20,10,23,6,0,6,15,21,"L","RECOLETAS ZAMORA",979919,981306
15,"CAJASOL BALONCESTO SEVILLA FEMENINO","J11",68.3,72,102.49,98.09,4.39,36.11,40.43,19.15,16.1,74.47,70,18,25,72,20,55,36.36,4,17,23.53,25,21,18,11,12,0,19,25,44,"W","ALTER ENERSUN AL-QÁZERES EXTREMADURA",981208,981306
15,"CAJASOL BALONCESTO SEVILLA FEMENINO","J12",69.46,69.4,92.14,129.57,-37.43,42.11,27.27,13.54,21.6,78.78,64,16,21,76.19,15,34,44.12,6,23,26.09,20,20,11,15,4,0,9,16,25,"L","MELILLA CIUDAD DEL DEPORTE LA SALLE",979770,981306
15,"CAJASOL BALONCESTO SEVILLA FEMENINO","J13",72.1,68.4,79.06,92.93,-13.87,43.44,35.29,12.02,27.74,68.51,57,4,5,80,16,37,43.24,7,24,29.17,24,14,10,20,6,0,12,25,37,"L","SERNOVA RENOVABLES REAL CANOE",981288,981306
15,"CAJASOL BALONCESTO SEVILLA FEMENINO","J14",73.96,71.8,64.9,71.66,-6.76,36.61,40.54,13.36,39.21,53.43,48,7,11,63.64,10,32,31.25,7,24,29.17,29,18,12,29,6,0,15,33,48,"L","FUSTECMA NBF CASTELLÓ",979988,981306
15,"CAJASOL BALONCESTO SEVILLA FEMENINO","J15",73.12,71,97.1,109.41,-12.31,47.62,27.03,22.64,17.78,84.6,71,11,18,61.11,18,36,50,8,27,29.63,24,18,19,13,9,0,10,29,39,"L","OSES CONSTRUCCION",979971,981306
16,"C.B. SANTFELIUENC","J1",76.48,74.2,87.6,105.91,-18.31,50.96,14.81,9.85,26.15,82.47,67,14,21,66.67,16,34,47.06,7,18,38.89,17,19,8,20,9,0,4,23,27,"L","DOMUSA TEKNIK ISB",979912,981242
16,"C.B. SANTFELIUENC","J2",68.82,71,82.82,91.54,-8.72,36.44,30,15.12,23.25,66.28,57,14,25,56,14,35,40,5,24,20.83,24,24,13,16,6,0,12,21,33,"L","MCR LIMA-HORTA BARCELONA",981206,981242
16,"C.B. SANTFELIUENC","J3",70.02,69,91.4,79.98,11.43,43.33,20,16.47,15.71,81.09,64,12,18,66.67,11,29,37.93,10,31,32.26,22,18,13,11,7,0,7,27,34,"W","BOSONIT UNIBASKET",981356,981242
16,"C.B. SANTFELIUENC","J4",75.7,76.4,77.94,128.14,-50.2,40.15,19.05,17.12,19.82,67.35,59,6,15,40,16,37,43.24,7,29,24.14,19,16,15,15,7,0,8,21,29,"L","UNICAJA MIJAS",981334,981242
16,"C.B. SANTFELIUENC","J5",75.36,74.6,76.96,84.93,-7.96,34.03,29.41,17.26,19.9,62.55,58,9,13,69.23,11,36,30.56,9,36,25,21,18,16,15,5,0,15,26,41,"L","CAJASOL BALONCESTO SEVILLA FEMENINO",981306,981242
16,"C.B. SANTFELIUENC","J6",76,75,81.58,107.89,-26.32,39.52,23.08,18.37,19.74,71.17,62,13,23,56.52,14,43,32.56,7,19,36.84,21,19,16,15,8,0,9,19,28,"L","AZULMARINO MALLORCA PALMA",981213,981242
16,"C.B. SANTFELIUENC","J7",72.86,72.6,87.84,96.07,-8.23,45,21.21,16.95,21.96,77.48,64,10,15,66.67,18,41,43.9,6,19,31.58,18,15,14,16,7,0,7,25,32,"L","RECOLETAS ZAMORA",979919,981242
16,"C.B. SANTFELIUENC","J8",74.04,70.6,76.99,94.54,-17.56,35.92,25.53,5.85,14.86,66.65,57,6,8,75,21,53,39.62,3,18,16.67,23,9,5,11,8,0,12,23,35,"L","ALTER ENERSUN AL-QÁZERES EXTREMADURA",981208,981242
16,"C.B. SANTFELIUENC","J9",74.94,74.6,70.72,102.75,-32.03,32.58,26.09,11.15,24.02,59.07,53,10,13,76.92,14,34,41.18,5,32,15.62,19,16,10,18,14,0,12,18,30,"L","MELILLA CIUDAD DEL DEPORTE LA SALLE",979770,981242
16,"C.B. SANTFELIUENC","J10",76.68,75.6,66.51,87.38,-20.87,35.82,14.29,16.52,20.87,60.17,51,3,4,75,15,51,29.41,6,16,37.5,16,12,14,16,11,0,6,22,28,"L","SERNOVA RENOVABLES REAL CANOE",981288,981242
16,"C.B. SANTFELIUENC","J11",85.24,83.3,70.39,87.99,-17.6,38.41,20.45,9.4,24.64,62.68,60,7,13,53.85,19,45,42.22,5,24,20.83,24,16,9,21,16,0,9,21,30,"L","FUSTECMA NBF CASTELLÓ",979988,981242
16,"C.B. SANTFELIUENC","J12",74.38,72,91.42,110.24,-18.82,53.39,16.22,24.68,20.17,83.91,68,5,16,31.25,24,42,57.14,5,17,29.41,17,15,20,15,3,0,6,27,33,"L","OSES CONSTRUCCION",979971,981242
16,"C.B. SANTFELIUENC","J13",80.1,77.6,84.89,97.38,-12.48,46.09,13.16,16.31,21.22,79.22,68,9,11,81.82,13,39,33.33,11,25,44,17,13,14,17,4,0,5,27,32,"L","CELTA  FEMXA ZORKA",981492,981242
16,"C.B. SANTFELIUENC","J14",74.22,73.3,70.06,103.75,-33.68,32.64,22.92,10.3,14.82,59.5,52,5,10,50,16,56,28.57,5,16,31.25,17,11,9,11,10,0,11,25,36,"L","LA LAGUNA TOYOTA  ADAREVA",979952,981242
16,"C.B. SANTFELIUENC","J15",74.46,74.2,84.61,98.04,-13.43,33.08,29.17,13.14,18.8,68.99,63,20,28,71.43,14,42,33.33,5,23,21.74,16,24,12,14,8,0,14,29,43,"L","LA CORDÁ DE PATERNA NB",981346,981242
